7, 3588.8888888888887, 4, 0.0, 3578462208, 4156719104, 1, 0.0, 3578462208, 4156719104, 206, 274, 4, 0.07, 304156672, 439730176, 0, 0, 0, 0, 124, 132, 4, 0.07, 303480832, 439730176, 0, 0, 0, 0, 124, 133, 4, 0.08, 3466035200, 4095750144, 0, 0, 0, 0, 139, 319, 4, 0.08, 3541659648, 4095750144, 0, 0, 0, 0, 129, 172, 4, 0.0, 3505627136, 4095750144, 0, 0, 0, 0, 128, 168, 4, 0.07, 3519651840, 4095750144, 0, 0, 0, 0, 127, 170, 4, 0.08, 3559337984, 4095750144, 0, 0, 0, 0, 129, 169, 6, 0.07, 7239499776, 8240128000, 1, 0.0, 7239499776, 8240128000, 287, 518, 8, 0.1, 15458504704, 16713510912, 1, 0.0, 4278190080, 4294967296, 225, 422
14, 13472.222222222223, 4, 0.0, 3577573376, 4156719104, 1, 0.0, 3577573376, 4156719104, 206, 274, 4, 0.07, 304066560, 439730176, 0, 0, 0, 0, 124, 132, 4, 0.07, 302682112, 439730176, 0, 0, 0, 0, 123, 131, 4, 0.07, 3465678848, 4095750144, 0, 0, 0, 0, 139, 319, 4, 0.08, 3541217280, 4095750144, 0, 0, 0, 0, 129, 172, 4, 0.0, 3505012736, 4095750144, 0, 0, 0, 0, 128, 168, 4, 0.07, 3519111168, 4095750144, 0, 0, 0, 0, 127, 170, 4, 0.28, 3530952704, 4095750144, 0, 0, 0, 0, 129, 170, 6, 0.06, 7238737920, 8240128000, 1, 0.0, 7238737920, 8240128000, 287, 518, 8, 0.1, 15461113856, 16713510912, 1, 0.0, 4278190080, 4294967296, 225, 422
6, 3208.333333333333, 4, 0.0, 3577319424, 4156719104, 1, 0.0, 3577319424, 4156719104, 206, 274, 4, 0.21, 239435776, 439730176, 0, 0, 0, 0, 126, 136, 4, 0.05, 302682112, 439730176, 0, 0, 0, 0, 123, 131, 4, 0.06, 3465682944, 4095750144, 0, 0, 0, 0, 139, 319, 4, 0.07, 3540381696, 4095750144, 0, 0, 0, 0, 128, 168, 4, 0.0, 3471908864, 4095750144, 0, 0, 0, 0, 129, 170, 4, 0.05, 3520303104, 4095750144, 0, 0, 0, 0, 127, 167, 4, 0.28, 3532369920, 4095750144, 0, 0, 0, 0, 129, 170, 6, 0.05, 7238602752, 8240128000, 1, 0.0, 7238602752, 8240128000, 287, 518, 8, 0.07, 15461634048, 16713510912, 1, 0.0, 4278190080, 4294967296, 225, 422
27, 5244.444444444444, 4, 0.08, 3577323520, 4156719104, 1, 0.0, 3577323520, 4156719104, 206, 274, 4, 0.27, 239247360, 439730176, 0, 0, 0, 0, 125, 134, 4, 0.05, 277409792, 439730176, 0, 0, 0, 0, 124, 133, 4, 0.06, 3465940992, 4095750144, 0, 0, 0, 0, 139, 319, 4, 0.06, 3540389888, 4095750144, 0, 0, 0, 0, 128, 168, 4, 0.08, 3471134720, 4095750144, 0, 0, 0, 0, 129, 170, 4, 0.05, 3520307200, 4095750144, 0, 0, 0, 0, 127, 167, 4, 0.26, 3555577856, 4095750144, 0, 0, 0, 0, 128, 168, 6, 0.05, 7238479872, 8240128000, 1, 0.0, 7238479872, 8240128000, 287, 518, 8, 0.07, 15459540992, 16713510912, 1, 0.0, 4278190080, 4294967296, 225, 422
7, 3588.8888888888887, 4, 0.08, 3577323520, 4156719104, 1, 0.0, 3577323520, 4156719104, 206, 274, 4, 0.27, 238985216, 439730176, 0, 0, 0, 0, 125, 134, 4, 0.2, 228057088, 439730176, 0, 0, 0, 0, 124, 133, 4, 0.05, 3465940992, 4095750144, 0, 0, 0, 0, 139, 319, 4, 0.06, 3540389888, 4095750144, 0, 0, 0, 0, 128, 168, 4, 0.15, 3470364672, 4095750144, 0, 0, 0, 0, 129, 170, 4, 0.04, 3520307200, 4095750144, 0, 0, 0, 0, 127, 167, 4, 0.26, 3555577856, 4095750144, 0, 0, 0, 0, 128, 168, 6, 0.04, 7237083136, 8240128000, 1, 0.0, 7237083136, 8240128000, 287, 518, 8, 0.07, 15457468416, 16713510912, 1, 0.0, 4278190080, 4294967296, 225, 422
24, 4111.111111111111, 4, 0.07, 3558916096, 4156719104, 1, 0.0, 3558916096, 4156719104, 207, 276, 4, 0.33, 238477312, 439730176, 0, 0, 0, 0, 125, 134, 4, 0.13, 228065280, 439730176, 0, 0, 0, 0, 124, 133, 4, 0.05, 3465940992, 4095750144, 0, 0, 0, 0, 139, 319, 4, 0.05, 3540131840, 4095750144, 0, 0, 0, 0, 128, 168, 4, 0.22, 3469332480, 4095750144, 0, 0, 0, 0, 129, 170, 4, 0.04, 3520307200, 4095750144, 0, 0, 0, 0, 127, 167, 4, 0.24, 3555577856, 4095750144, 0, 0, 0, 0, 128, 168, 6, 0.04, 7237083136, 8240128000, 1, 0.0, 7237083136, 8240128000, 287, 518, 8, 0.06, 15462862848, 16713510912, 1, 0.0, 4278190080, 4294967296, 225, 422
25, 4488.888888888889, 4, 0.06, 3542036480, 4156719104, 1, 0.0, 3542036480, 4156719104, 206, 274, 4, 0.38, 238096384, 439730176, 0, 0, 0, 0, 125, 134, 4, 0.2, 245170176, 439730176, 0, 0, 0, 0, 123, 131, 4, 0.04, 3465936896, 4095750144, 0, 0, 0, 0, 140, 320, 4, 0.05, 3540131840, 4095750144, 0, 0, 0, 0, 128, 168, 4, 0.28, 3468042240, 4095750144, 0, 0, 0, 0, 129, 170, 4, 0.04, 3520565248, 4095750144, 0, 0, 0, 0, 127, 167, 4, 0.22, 3555319808, 4095750144, 0, 0, 0, 0, 128, 168, 6, 0.12, 7213060096, 8240128000, 1, 0.0, 7213060096, 8240128000, 288, 520, 8, 0.06, 15458775040, 16713510912, 1, 0.0, 4278190080, 4294967296, 225, 422
28, 5622.222222222223, 4, 0.22, 3542085632, 4156719104, 1, 0.0, 3542085632, 4156719104, 206, 274, 4, 0.48, 237346816, 439730176, 0, 0, 0, 0, 125, 134, 4, 0.17, 245170176, 439730176, 0, 0, 0, 0, 123, 131, 4, 0.04, 3465936896, 4095750144, 0, 0, 0, 0, 140, 320, 4, 0.04, 3540389888, 4095750144, 0, 0, 0, 0, 128, 168, 4, 0.34, 3466756096, 4095750144, 0, 0, 0, 0, 129, 170, 4, 0.03, 3520307200, 4095750144, 0, 0, 0, 0, 127, 167, 4, 0.26, 3538145280, 4095750144, 0, 0, 0, 0, 129, 170, 6, 0.18, 7153745920, 8240128000, 1, 0.0, 7153745920, 8240128000, 288, 520, 8, 0.05, 15456268288, 16713510912, 1, 0.0, 4278190080, 4294967296, 225, 422
13, 12166.666666666668, 4, 0.22, 3542085632, 4156719104, 1, 0.0, 3542085632, 4156719104, 206, 274, 4, 0.43, 237727744, 439730176, 0, 0, 0, 0, 125, 134, 4, 0.18, 245170176, 439730176, 0, 0, 0, 0, 123, 131, 4, 0.04, 3465936896, 4095750144, 0, 0, 0, 0, 140, 320, 4, 0.05, 3540131840, 4095750144, 0, 0, 0, 0, 128, 168, 4, 0.34, 3467526144, 4095750144, 0, 0, 0, 0, 129, 170, 4, 0.04, 3520307200, 4095750144, 0, 0, 0, 0, 127, 167, 4, 0.32, 3534163968, 4095750144, 0, 0, 0, 0, 129, 170, 6, 0.11, 7198806016, 8240128000, 1, 0.0, 7198806016, 8240128000, 287, 518, 8, 0.05, 15454826496, 16713510912, 1, 0.0, 4278190080, 4294967296, 225, 422
26, 4866.666666666666, 4, 0.18, 3539521536, 4156719104, 1, 0.0, 3539521536, 4156719104, 207, 278, 4, 0.64, 182603776, 439730176, 0, 0, 0, 0, 126, 136, 4, 0.14, 245170176, 439730176, 0, 0, 0, 0, 123, 131, 4, 0.03, 3465560064, 4095750144, 0, 0, 0, 0, 141, 324, 4, 0.04, 3540393984, 4095750144, 0, 0, 0, 0, 128, 168, 4, 0.44, 3487608832, 4095750144, 0, 0, 0, 0, 128, 168, 4, 0.03, 3519537152, 4095750144, 0, 0, 0, 0, 127, 167, 4, 0.3, 3555713024, 4095750144, 0, 0, 0, 0, 128, 168, 6, 0.16, 7218651136, 8240128000, 1, 0.0, 7218651136, 8240128000, 288, 519, 8, 0.04, 15438315520, 16713510912, 1, 0.0, 4278190080, 4294967296, 226, 424
3, 2066.6666666666665, 4, 0.17, 3539521536, 4156719104, 1, 0.0, 3539521536, 4156719104, 207, 278, 4, 0.64, 181735424, 439730176, 0, 0, 0, 0, 126, 136, 4, 0.13, 245170176, 439730176, 0, 0, 0, 0, 123, 131, 4, 0.03, 3465392128, 4095750144, 0, 0, 0, 0, 140, 321, 4, 0.03, 3540393984, 4095750144, 0, 0, 0, 0, 128, 168, 4, 0.41, 3494543360, 4095750144, 0, 0, 0, 0, 128, 168, 4, 0.02, 3519533056, 4095750144, 0, 0, 0, 0, 127, 167, 4, 0.3, 3555192832, 4095750144, 0, 0, 0, 0, 128, 168, 6, 0.15, 7216455680, 8240128000, 1, 0.0, 7216455680, 8240128000, 289, 521, 8, 0.04, 15422312448, 16713510912, 1, 0.0, 4278190080, 4294967296, 225, 422
10, 8250.0, 4, 0.16, 3539513344, 4156719104, 1, 0.0, 3539513344, 4156719104, 207, 278, 4, 0.75, 180981760, 439730176, 0, 0, 0, 0, 126, 136, 4, 0.13, 245170176, 439730176, 0, 0, 0, 0, 121, 129, 4, 0.11, 3451662336, 4095750144, 0, 0, 0, 0, 140, 321, 4, 0.03, 3540135936, 4095750144, 0, 0, 0, 0, 128, 168, 4, 0.37, 3494543360, 4095750144, 0, 0, 0, 0, 128, 168, 4, 0.02, 3519537152, 4095750144, 0, 0, 0, 0, 127, 167, 4, 0.27, 3555192832, 4095750144, 0, 0, 0, 0, 128, 168, 6, 0.14, 7218012160, 8240128000, 1, 0.0, 7218012160, 8240128000, 288, 519, 8, 0.04, 15415533568, 16713510912, 1, 0.0, 4278190080, 4294967296, 225, 422
10, 8250.0, 4, 0.16, 3540824064, 4156719104, 1, 0.0, 3540824064, 4156719104, 207, 275, 4, 1.61, 78700544, 439730176, 0, 0, 0, 0, 129, 141, 4, 0.08, 245227520, 439730176, 0, 0, 0, 0, 121, 129, 4, 0.3, 3432112128, 4095750144, 0, 0, 0, 0, 140, 321, 4, 0.02, 3540398080, 4095750144, 0, 0, 0, 0, 128, 168, 4, 0.4, 3474788352, 4095750144, 0, 0, 0, 0, 130, 171, 4, 0.01, 3505184768, 4095750144, 0, 0, 0, 0, 128, 169, 4, 0.18, 3555196928, 4095750144, 0, 0, 0, 0, 128, 168, 6, 0.16, 7217885184, 8240128000, 1, 0.0, 7217885184, 8240128000, 288, 519, 8, 0.02, 15424061440, 16713510912, 1, 0.0, 4278190080, 4294967296, 225, 422
5, 2827.777777777778, 4, 0.14, 3540828160, 4156719104, 1, 0.0, 3540828160, 4156719104, 207, 275, 4, 2.38, 37310464, 439730176, 0, 0, 0, 0, 130, 143, 4, 0.07, 245227520, 439730176, 0, 0, 0, 0, 121, 129, 4, 0.41, 3431337984, 4095750144, 0, 0, 0, 0, 140, 321, 4, 0.1, 3539107840, 4095750144, 0, 0, 0, 0, 129, 170, 4, 0.41, 3487449088, 4095750144, 0, 0, 0, 0, 129, 169, 4, 0.01, 3517329408, 4095750144, 0, 0, 0, 0, 127, 167, 4, 0.15, 3555196928, 4095750144, 0, 0, 0, 0, 128, 168, 6, 0.13, 7217885184, 8240128000, 1, 0.0, 7217885184, 8240128000, 288, 519, 8, 0.09, 15422570496, 16713510912, 1, 0.0, 4278190080, 4294967296, 226, 423
13, 12166.666666666668, 4, 0.14, 3540803584, 4156719104, 1, 0.0, 3540803584, 4156719104, 207, 276, 4, 2.59, 30785536, 439730176, 0, 0, 0, 0, 130, 143, 4, 0.12, 245170176, 439730176, 0, 0, 0, 0, 122, 130, 4, 0.11, 3460014080, 4095750144, 0, 0, 0, 0, 139, 319, 4, 0.03, 3540135936, 4095750144, 0, 0, 0, 0, 128, 168, 4, 0.34, 3494543360, 4095750144, 0, 0, 0, 0, 128, 168, 4, 0.02, 3519537152, 4095750144, 0, 0, 0, 0, 127, 167, 4, 0.25, 3555192832, 4095750144, 0, 0, 0, 0, 128, 168, 6, 0.13, 7218012160, 8240128000, 1, 0.0, 7218012160, 8240128000, 288, 519, 8, 0.03, 15411384320, 16713510912, 1, 0.0, 4278190080, 4294967296, 226, 423
6, 3208.333333333333, 4, 0.13, 3540828160, 4156719104, 1, 0.0, 3540828160, 4156719104, 207, 275, 4, 2.59, 34021376, 439730176, 0, 0, 0, 0, 130, 141, 4, 0.06, 245227520, 439730176, 0, 0, 0, 0, 121, 129, 4, 0.45, 3430563840, 4095750144, 0, 0, 0, 0, 140, 321, 4, 0.1, 3539738624, 4095750144, 0, 0, 0, 0, 128, 168, 4, 0.38, 3487449088, 4095750144, 0, 0, 0, 0, 129, 169, 4, 0.01, 3517329408, 4095750144, 0, 0, 0, 0, 127, 167, 4, 0.14, 3555196928, 4095750144, 0, 0, 0, 0, 128, 168, 6, 0.12, 7217885184, 8240128000, 1, 0.0, 7217885184, 8240128000, 288, 519, 8, 0.08, 15421456384, 16713510912, 1, 0.0, 4278190080, 4294967296, 226, 424
18, 18694.444444444445, 4, 0.0, 3577446400, 4156719104, 1, 0.0, 3577446400, 4156719104, 206, 274, 4, 2.7, 55103488, 439730176, 0, 0, 0, 0, 129, 141, 4, 0.06, 302682112, 439730176, 0, 0, 0, 0, 123, 131, 4, 0.07, 3465678848, 4095750144, 0, 0, 0, 0, 139, 319, 4, 0.08, 3541217280, 4095750144, 0, 0, 0, 0, 129, 172, 4, 0.0, 3505012736, 4095750144, 0, 0, 0, 0, 128, 168, 4, 0.06, 3520294912, 4095750144, 0, 0, 0, 0, 127, 168, 4, 0.15, 3535712256, 4095750144, 0, 0, 0, 0, 130, 171, 6, 0.06, 7238602752, 8240128000, 1, 0.0, 7238602752, 8240128000, 287, 518, 8, 0.09, 15457607680, 16713510912, 1, 0.0, 4278190080, 4294967296, 225, 422
17, 17388.88888888889, 4, 0.14, 3540824064, 4156719104, 1, 0.0, 3540824064, 4156719104, 207, 275, 4, 1.02, 142528512, 439730176, 0, 0, 0, 0, 126, 137, 4, 0.11, 245170176, 439730176, 0, 0, 0, 0, 123, 131, 4, 0.54, 3428732928, 4095750144, 0, 0, 0, 0, 140, 321, 4, 0.03, 3540135936, 4095750144, 0, 0, 0, 0, 128, 168, 4, 0.32, 3494543360, 4095750144, 0, 0, 0, 0, 128, 168, 4, 0.02, 3519537152, 4095750144, 0, 0, 0, 0, 127, 167, 4, 0.23, 3555192832, 4095750144, 0, 0, 0, 0, 128, 168, 6, 0.13, 7218012160, 8240128000, 1, 0.0, 7218012160, 8240128000, 288, 519, 8, 0.03, 15418159104, 16713510912, 1, 0.0, 4278190080, 4294967296, 225, 422
26, 4866.666666666666, 4, 0.12, 3508871168, 4156719104, 1, 0.0, 3508871168, 4156719104, 208, 277, 4, 2.7, 63782912, 439730176, 0, 0, 0, 0, 129, 141, 4, 0.06, 245276672, 439730176, 0, 0, 0, 0, 122, 130, 4, 0.5, 3429789696, 4095750144, 0, 0, 0, 0, 140, 321, 4, 0.09, 3539738624, 4095750144, 0, 0, 0, 0, 128, 168, 4, 0.38, 3487449088, 4095750144, 0, 0, 0, 0, 129, 169, 4, 0.01, 3517329408, 4095750144, 0, 0, 0, 0, 127, 167, 4, 0.13, 3555196928, 4095750144, 0, 0, 0, 0, 128, 168, 6, 0.12, 7217885184, 8240128000, 1, 0.0, 7217885184, 8240128000, 288, 519, 8, 0.16, 15422636032, 16713510912, 1, 0.0, 4278190080, 4294967296, 225, 422
13, 12166.666666666668, 4, 0.12, 3515031552, 4156719104, 1, 0.0, 3515031552, 4156719104, 207, 275, 4, 2.89, 52715520, 439730176, 0, 0, 0, 0, 128, 139, 4, 0.05, 245284864, 439730176, 0, 0, 0, 0, 122, 130, 4, 0.54, 3436109824, 4095750144, 0, 0, 0, 0, 139, 319, 4, 0.08, 3539738624, 4095750144, 0, 0, 0, 0, 128, 168, 4, 0.35, 3487416320, 4095750144, 0, 0, 0, 0, 129, 169, 4, 0.16, 3495800832, 4095750144, 0, 0, 0, 0, 128, 169, 4, 0.12, 3554938880, 4095750144, 0, 0, 0, 0, 128, 168, 6, 0.11, 7217885184, 8240128000, 1, 0.0, 7217885184, 8240128000, 288, 519, 8, 0.15, 15424892928, 16713510912, 1, 0.0, 4278190080, 4294967296, 225, 422
21, 2977.777777777778, 4, 0.09, 3496964096, 4156719104, 1, 0.0, 3496964096, 4156719104, 207, 275, 4, 2.99, 50823168, 439730176, 0, 0, 0, 0, 127, 138, 4, 0.36, 237346816, 439730176, 0, 0, 0, 0, 124, 133, 4, 0.45, 3466084352, 4095750144, 0, 0, 0, 0, 140, 320, 4, 0.06, 3539738624, 4095750144, 0, 0, 0, 0, 127, 167, 4, 0.27, 3487420416, 4095750144, 0, 0, 0, 0, 129, 169, 4, 0.15, 3516719104, 4095750144, 0, 0, 0, 0, 127, 167, 4, 0.26, 3555196928, 4095750144, 0, 0, 0, 0, 128, 168, 6, 0.09, 7202054144, 8240128000, 1, 0.0, 7202054144, 8240128000, 289, 524, 8, 0.2, 15420334080, 16713510912, 1, 0.0, 4278190080, 4294967296, 225, 422
28, 5622.222222222223, 4, 0.1, 3535286272, 4156719104, 1, 0.0, 3535286272, 4156719104, 208, 277, 4, 2.99, 52322304, 439730176, 0, 0, 0, 0, 127, 138, 4, 0.13, 238235648, 439730176, 0, 0, 0, 0, 124, 133, 4, 0.5, 3466092544, 4095750144, 0, 0, 0, 0, 139, 319, 4, 0.07, 3539480576, 4095750144, 0, 0, 0, 0, 128, 168, 4, 0.29, 3487420416, 4095750144, 0, 0, 0, 0, 129, 169, 4, 0.16, 3497975808, 4095750144, 0, 0, 0, 0, 128, 169, 4, 0.11, 3555196928, 4095750144, 0, 0, 0, 0, 128, 168, 6, 0.1, 7217901568, 8240128000, 1, 0.0, 7217901568, 8240128000, 287, 518, 8, 0.13, 15414771712, 16713510912, 1, 0.0, 4278190080, 4294967296, 225, 422
11, 9555.555555555555, 4, 0.11, 3559251968, 4156719104, 1, 0.0, 3559251968, 4156719104, 207, 275, 4, 2.9, 52957184, 439730176, 0, 0, 0, 0, 128, 139, 4, 0.41, 233156608, 439730176, 0, 0, 0, 0, 123, 132, 4, 0.5, 3466092544, 4095750144, 0, 0, 0, 0, 139, 319, 4, 0.07, 3539738624, 4095750144, 0, 0, 0, 0, 128, 168, 4, 0.32, 3487420416, 4095750144, 0, 0, 0, 0, 129, 169, 4, 0.09, 3499114496, 4095750144, 0, 0, 0, 0, 128, 169, 4, 0.11, 3554938880, 4095750144, 0, 0, 0, 0, 128, 168, 6, 0.1, 7217885184, 8240128000, 1, 0.0, 7217885184, 8240128000, 288, 519, 8, 0.13, 15417786368, 16713510912, 1, 0.0, 4278190080, 4294967296, 225, 422
28, 5622.222222222223, 4, 0.08, 3553456128, 4156719104, 1, 0.0, 3553456128, 4156719104, 207, 275, 4, 2.99, 49442816, 439730176, 0, 0, 0, 0, 127, 138, 4, 0.41, 245215232, 439730176, 0, 0, 0, 0, 122, 130, 4, 0.38, 3401818112, 4095750144, 0, 0, 0, 0, 141, 322, 4, 0.06, 3539746816, 4095750144, 0, 0, 0, 0, 127, 167, 4, 0.23, 3487420416, 4095750144, 0, 0, 0, 0, 129, 169, 4, 0.3, 3497656320, 4095750144, 0, 0, 0, 0, 128, 169, 4, 0.22, 3555454976, 4095750144, 0, 0, 0, 0, 128, 168, 6, 0.07, 7204065280, 8240128000, 1, 0.0, 7204065280, 8240128000, 288, 522, 8, 0.17, 15417139200, 16713510912, 1, 0.0, 4278190080, 4294967296, 225, 422
13, 12166.666666666668, 4, 0.08, 3553456128, 4156719104, 1, 0.0, 3553456128, 4156719104, 207, 275, 4, 2.99, 50200576, 439730176, 0, 0, 0, 0, 127, 138, 4, 0.36, 236584960, 439730176, 0, 0, 0, 0, 124, 132, 4, 0.42, 3466084352, 4095750144, 0, 0, 0, 0, 140, 320, 4, 0.06, 3539746816, 4095750144, 0, 0, 0, 0, 127, 167, 4, 0.25, 3487420416, 4095750144, 0, 0, 0, 0, 129, 169, 4, 0.41, 3494424576, 4095750144, 0, 0, 0, 0, 128, 169, 4, 0.24, 3555454976, 4095750144, 0, 0, 0, 0, 128, 168, 6, 0.08, 7204065280, 8240128000, 1, 0.0, 7204065280, 8240128000, 288, 522, 8, 0.19, 15416852480, 16713510912, 1, 0.0, 4278190080, 4294967296, 225, 422
26, 4866.666666666666, 4, 0.08, 3553456128, 4156719104, 1, 0.0, 3553456128, 4156719104, 207, 275, 4, 2.99, 46366720, 439730176, 0, 0, 0, 0, 127, 138, 4, 0.38, 245215232, 439730176, 0, 0, 0, 0, 122, 130, 4, 0.67, 3420430336, 4095750144, 0, 0, 0, 0, 140, 320, 4, 0.05, 3539755008, 4095750144, 0, 0, 0, 0, 126, 166, 4, 0.23, 3487420416, 4095750144, 0, 0, 0, 0, 129, 169, 4, 0.35, 3496099840, 4095750144, 0, 0, 0, 0, 128, 169, 4, 0.2, 3505610752, 4095750144, 0, 0, 0, 0, 129, 170, 6, 0.07, 7204466688, 8240128000, 1, 0.0, 7204466688, 8240128000, 288, 520, 8, 0.16, 15418343424, 16713510912, 1, 0.0, 4278190080, 4294967296, 226, 423
26, 4866.666666666666, 4, 0.07, 3553460224, 4156719104, 1, 0.0, 3553460224, 4156719104, 207, 275, 4, 2.99, 45735936, 439730176, 0, 0, 0, 0, 127, 138, 4, 0.35, 197709824, 439730176, 0, 0, 0, 0, 123, 132, 4, 0.62, 3465674752, 4095750144, 0, 0, 0, 0, 140, 320, 4, 0.05, 3539587072, 4095750144, 0, 0, 0, 0, 126, 166, 4, 0.21, 3487424512, 4095750144, 0, 0, 0, 0, 129, 169, 4, 0.41, 3516338176, 4095750144, 0, 0, 0, 0, 127, 167, 4, 0.18, 3555291136, 4095750144, 0, 0, 0, 0, 128, 168, 6, 0.07, 7204483072, 8240128000, 1, 0.0, 7204483072, 8240128000, 288, 519, 8, 0.14, 15411666944, 16713510912, 1, 0.0, 4278190080, 4294967296, 225, 422
11, 9555.555555555555, 4, 0.06, 3553460224, 4156719104, 1, 0.0, 3553460224, 4156719104, 207, 275, 4, 2.99, 44974080, 439730176, 0, 0, 0, 0, 127, 138, 4, 0.48, 219856896, 439730176, 0, 0, 0, 0, 123, 131, 4, 0.62, 3465674752, 4095750144, 0, 0, 0, 0, 140, 320, 4, 0.04, 3539755008, 4095750144, 0, 0, 0, 0, 126, 166, 4, 0.19, 3487424512, 4095750144, 0, 0, 0, 0, 129, 169, 4, 0.37, 3516694528, 4095750144, 0, 0, 0, 0, 127, 167, 4, 0.17, 3555323904, 4095750144, 0, 0, 0, 0, 128, 168, 6, 0.06, 7204483072, 8240128000, 1, 0.0, 7204483072, 8240128000, 288, 519, 8, 0.13, 15181078528, 16713510912, 1, 0.0, 4179623936, 4294967296, 226, 434
27, 5244.444444444444, 4, 0.06, 3553460224, 4156719104, 1, 0.0, 3553460224, 4156719104, 207, 275, 4, 2.99, 44089344, 439730176, 0, 0, 0, 0, 127, 138, 4, 0.44, 276750336, 439730176, 0, 0, 0, 0, 123, 131, 4, 0.57, 3465416704, 4095750144, 0, 0, 0, 0, 140, 320, 4, 0.04, 3539755008, 4095750144, 0, 0, 0, 0, 126, 166, 4, 0.18, 3487424512, 4095750144, 0, 0, 0, 0, 129, 169, 4, 0.34, 3516698624, 4095750144, 0, 0, 0, 0, 127, 167, 4, 0.16, 3555581952, 4095750144, 0, 0, 0, 0, 128, 168, 6, 0.06, 7151177728, 8240128000, 1, 0.0, 7151177728, 8240128000, 289, 521, 8, 0.13, 15398268928, 16713510912, 1, 0.00020486111111111112, 4278190080, 4294967296, 228, 424
16, 16083.333333333334, 4, 0.21, 3540824064, 4156719104, 1, 0.0, 3540824064, 4156719104, 207, 275, 4, 2.99, 38248448, 439730176, 0, 0, 0, 0, 127, 138, 4, 0.1, 245211136, 439730176, 0, 0, 0, 0, 121, 129, 4, 0.17, 3434704896, 4095750144, 0, 0, 0, 0, 140, 321, 4, 0.02, 3540398080, 4095750144, 0, 0, 0, 0, 128, 168, 4, 0.32, 3494547456, 4095750144, 0, 0, 0, 0, 128, 168, 4, 0.02, 3519537152, 4095750144, 0, 0, 0, 0, 127, 167, 4, 0.21, 3555196928, 4095750144, 0, 0, 0, 0, 128, 168, 6, 0.12, 7218012160, 8240128000, 1, 0.0, 7218012160, 8240128000, 288, 519, 8, 0.03, 15413903360, 16713510912, 1, 0.0, 4278190080, 4294967296, 225, 422
22, 3355.5555555555557, 4, 0.05, 3553460224, 4156719104, 1, 0.0, 3553460224, 4156719104, 207, 275, 4, 2.99, 80039936, 439730176, 0, 0, 0, 0, 126, 136, 4, 0.4, 276750336, 439730176, 0, 0, 0, 0, 123, 131, 4, 0.6, 3465674752, 4095750144, 0, 0, 0, 0, 140, 320, 4, 0.04, 3539755008, 4095750144, 0, 0, 0, 0, 126, 166, 4, 0.16, 3487424512, 4095750144, 0, 0, 0, 0, 129, 169, 4, 0.31, 3516698624, 4095750144, 0, 0, 0, 0, 127, 167, 4, 0.16, 3555581952, 4095750144, 0, 0, 0, 0, 128, 168, 6, 0.05, 7217655808, 8240128000, 1, 0.0, 7217655808, 8240128000, 288, 519, 8, 0.12, 15408541696, 16713510912, 1, 0.0, 4278190080, 4294967296, 226, 424
0, 925.0, 4, 0.05, 3553460224, 4156719104, 1, 0.0, 3553460224, 4156719104, 207, 275, 4, 2.84, 76279808, 439730176, 0, 0, 0, 0, 127, 138, 4, 0.37, 276750336, 439730176, 0, 0, 0, 0, 122, 130, 4, 0.59, 3447218176, 4095750144, 0, 0, 0, 0, 141, 322, 4, 0.11, 3540013056, 4095750144, 0, 0, 0, 0, 126, 166, 4, 0.14, 3487424512, 4095750144, 0, 0, 0, 0, 129, 169, 4, 0.29, 3516440576, 4095750144, 0, 0, 0, 0, 127, 167, 4, 0.13, 3555581952, 4095750144, 0, 0, 0, 0, 128, 168, 6, 0.04, 7217655808, 8240128000, 1, 0.0, 7217655808, 8240128000, 288, 519, 8, 0.1, 15411654656, 16713510912, 1, 0.0001674436409918437, 4278190080, 4294967296, 226, 425
19, 20000.0, 4, 0.2, 3542085632, 4156719104, 1, 0.0, 3542085632, 4156719104, 206, 274, 4, 2.71, 101720064, 439730176, 0, 0, 0, 0, 125, 135, 4, 0.15, 245170176, 439730176, 0, 0, 0, 0, 123, 131, 4, 0.03, 3465560064, 4095750144, 0, 0, 0, 0, 141, 324, 4, 0.04, 3540389888, 4095750144, 0, 0, 0, 0, 128, 168, 4, 0.39, 3465723904, 4095750144, 0, 0, 0, 0, 129, 170, 4, 0.03, 3519533056, 4095750144, 0, 0, 0, 0, 127, 167, 4, 0.32, 3536596992, 4095750144, 0, 0, 0, 0, 129, 170, 6, 0.18, 7218651136, 8240128000, 1, 0.0, 7218651136, 8240128000, 288, 519, 8, 0.04, 15460782080, 16713510912, 1, 0.0, 4278190080, 4294967296, 225, 422
13, 12166.666666666668, 4, 0.05, 3553460224, 4156719104, 1, 0.0, 3553460224, 4156719104, 207, 275, 4, 2.91, 79286272, 439730176, 0, 0, 0, 0, 126, 136, 4, 0.4, 276750336, 439730176, 0, 0, 0, 0, 122, 130, 4, 0.65, 3443236864, 4095750144, 0, 0, 0, 0, 141, 322, 4, 0.04, 3539906560, 4095750144, 0, 0, 0, 0, 126, 166, 4, 0.15, 3487424512, 4095750144, 0, 0, 0, 0, 129, 169, 4, 0.31, 3516698624, 4095750144, 0, 0, 0, 0, 127, 167, 4, 0.14, 3555581952, 4095750144, 0, 0, 0, 0, 128, 168, 6, 0.05, 7217655808, 8240128000, 1, 0.0, 7217655808, 8240128000, 288, 519, 8, 0.11, 15415107584, 16713510912, 1, 0.00017908764022581274, 4278190080, 4294967296, 225, 422
17, 17388.88888888889, 4, 0.15, 3540828160, 4156719104, 1, 0.0, 3540828160, 4156719104, 207, 275, 4, 2.71, 94642176, 439730176, 0, 0, 0, 0, 125, 134, 4, 0.08, 245227520, 439730176, 0, 0, 0, 0, 121, 129, 4, 0.35, 3431596032, 4095750144, 0, 0, 0, 0, 140, 321, 4, 0.02, 3540656128, 4095750144, 0, 0, 0, 0, 128, 168, 4, 0.45, 3487965184, 4095750144, 0, 0, 0, 0, 129, 169, 4, 0.01, 3517595648, 4095750144, 0, 0, 0, 0, 127, 167, 4, 0.16, 3555205120, 4095750144, 0, 0, 0, 0, 127, 167, 6, 0.15, 7217885184, 8240128000, 1, 0.0, 7217885184, 8240128000, 288, 519, 8, 0.1, 15419584512, 16713510912, 1, 0.0, 4278190080, 4294967296, 225, 422
19, 20000.0, 4, 0.12, 3328245760, 4156719104, 1, 0.0, 3328245760, 4156719104, 208, 278, 4, 2.77, 74350592, 439730176, 0, 0, 0, 0, 126, 136, 4, 0.34, 276623360, 439730176, 0, 0, 0, 0, 122, 130, 4, 0.62, 3446185984, 4095750144, 0, 0, 0, 0, 141, 322, 4, 0.1, 3540013056, 4095750144, 0, 0, 0, 0, 126, 166, 4, 0.14, 3487424512, 4095750144, 0, 0, 0, 0, 129, 169, 4, 0.27, 3516440576, 4095750144, 0, 0, 0, 0, 127, 167, 4, 0.12, 3555328000, 4095750144, 0, 0, 0, 0, 128, 168, 6, 0.04, 7217655808, 8240128000, 1, 0.0, 7217655808, 8240128000, 288, 519, 8, 0.09, 15413387264, 16713510912, 1, 0.00015655671643924137, 4278190080, 4294967296, 226, 425
21, 2977.777777777778, 4, 0.11, 3527897088, 4156719104, 1, 0.003949960310661947, 3527897088, 4156719104, 207, 275, 4, 2.52, 119111680, 439730176, 0, 0, 0, 0, 125, 133, 4, 0.27, 276623360, 439730176, 0, 0, 0, 0, 122, 130, 4, 0.6, 3465814016, 4095750144, 0, 0, 0, 0, 140, 320, 4, 0.08, 3539755008, 4095750144, 0, 0, 0, 0, 126, 166, 4, 0.26, 3467669504, 4095750144, 0, 0, 0, 0, 129, 169, 4, 0.21, 3516948480, 4095750144, 0, 0, 0, 0, 128, 168, 4, 0.09, 3555844096, 4095750144, 0, 0, 0, 0, 128, 168, 6, 0.03, 7217655808, 8240128000, 1, 0.0, 7217655808, 8240128000, 288, 519, 8, 0.08, 15402586112, 16713510912, 1, 0.0, 4278190080, 4294967296, 227, 425
6, 3208.333333333333, 4, 0.09, 3527770112, 4156719104, 1, 0.003514141060661331, 3527770112, 4156719104, 207, 275, 4, 2.31, 119111680, 439730176, 0, 0, 0, 0, 125, 133, 4, 0.3, 274886656, 439730176, 0, 0, 0, 0, 123, 132, 4, 0.51, 3465822208, 4095750144, 0, 0, 0, 0, 140, 320, 4, 0.07, 3540017152, 4095750144, 0, 0, 0, 0, 126, 166, 4, 0.22, 3467776000, 4095750144, 0, 0, 0, 0, 129, 169, 4, 0.19, 3516948480, 4095750144, 0, 0, 0, 0, 128, 168, 4, 0.25, 3529121792, 4095750144, 0, 0, 0, 0, 129, 170, 6, 0.03, 7217655808, 8240128000, 1, 0.0, 7217655808, 8240128000, 288, 519, 8, 0.07, 15417221120, 16713510912, 1, 0.00010999873492514739, 4278190080, 4294967296, 226, 423
3, 2066.6666666666665, 4, 0.08, 3525976064, 4156719104, 1, 0.0, 3525976064, 4156719104, 207, 276, 4, 2.13, 119111680, 439730176, 0, 0, 0, 0, 125, 133, 4, 0.3, 273686528, 439730176, 0, 0, 0, 0, 122, 130, 4, 0.47, 3465822208, 4095750144, 0, 0, 0, 0, 140, 320, 4, 0.07, 3540017152, 4095750144, 0, 0, 0, 0, 126, 166, 4, 0.2, 3467517952, 4095750144, 0, 0, 0, 0, 129, 169, 4, 0.17, 3516948480, 4095750144, 0, 0, 0, 0, 128, 168, 4, 0.31, 3528093696, 4095750144, 0, 0, 0, 0, 129, 170, 6, 0.02, 7217655808, 8240128000, 1, 0.0, 7217655808, 8240128000, 288, 519, 8, 0.14, 15411261440, 16713510912, 1, 0.00010284678862895981, 4278190080, 4294967296, 226, 423
2, 1686.111111111111, 4, 0.08, 3527667712, 4156719104, 1, 0.00311338126956752, 3527667712, 4156719104, 206, 274, 4, 1.96, 119111680, 439730176, 0, 0, 0, 0, 125, 133, 4, 0.28, 273686528, 439730176, 0, 0, 0, 0, 122, 130, 4, 0.43, 3465822208, 4095750144, 0, 0, 0, 0, 140, 320, 4, 0.06, 3538882560, 4095750144, 0, 0, 0, 0, 127, 168, 4, 0.2, 3467517952, 4095750144, 0, 0, 0, 0, 129, 169, 4, 0.16, 3516948480, 4095750144, 0, 0, 0, 0, 128, 168, 4, 0.36, 3526803456, 4095750144, 0, 0, 0, 0, 129, 170, 6, 0.1, 7217655808, 8240128000, 1, 0.0, 7217655808, 8240128000, 288, 519, 8, 0.13, 15405715456, 16713510912, 1, 0.0, 4278190080, 4294967296, 229, 424
16, 16083.333333333334, 4, 0.1, 3527770112, 4156719104, 1, 0.0037256835232853227, 3527770112, 4156719104, 207, 275, 4, 2.52, 119111680, 439730176, 0, 0, 0, 0, 125, 133, 4, 0.24, 276623360, 439730176, 0, 0, 0, 0, 122, 130, 4, 0.55, 3465822208, 4095750144, 0, 0, 0, 0, 140, 320, 4, 0.07, 3539759104, 4095750144, 0, 0, 0, 0, 126, 166, 4, 0.24, 3467776000, 4095750144, 0, 0, 0, 0, 129, 169, 4, 0.19, 3516948480, 4095750144, 0, 0, 0, 0, 128, 168, 4, 0.46, 3522674688, 4095750144, 0, 0, 0, 0, 128, 169, 6, 0.03, 7217655808, 8240128000, 1, 0.0, 7217655808, 8240128000, 288, 519, 8, 0.07, 15408095232, 16713510912, 1, 0.00011764802621873773, 4278190080, 4294967296, 228, 425
25, 4488.888888888889, 4, 0.07, 3486146560, 4156719104, 1, 0.0, 3486146560, 4156719104, 207, 276, 4, 1.66, 119115776, 439730176, 0, 0, 0, 0, 125, 133, 4, 0.24, 273686528, 439730176, 0, 0, 0, 0, 122, 130, 4, 0.44, 3435319296, 4095750144, 0, 0, 0, 0, 141, 322, 4, 0.05, 3538567168, 4095750144, 0, 0, 0, 0, 126, 166, 4, 0.17, 3467776000, 4095750144, 0, 0, 0, 0, 129, 169, 4, 0.13, 3516948480, 4095750144, 0, 0, 0, 0, 128, 168, 4, 0.46, 3524739072, 4095750144, 0, 0, 0, 0, 129, 170, 6, 0.09, 7217655808, 8240128000, 1, 0.0, 7217655808, 8240128000, 288, 519, 8, 0.11, 15410053120, 16713510912, 1, 0.0, 4278190080, 4294967296, 226, 423
3, 2066.6666666666665, 4, 0.05, 3552428032, 4156719104, 1, 0.002324333570943109, 3552428032, 4156719104, 206, 274, 4, 1.55, 119115776, 439730176, 0, 0, 0, 0, 125, 133, 4, 0.28, 242442240, 439730176, 0, 0, 0, 0, 123, 132, 4, 0.53, 3432738816, 4095750144, 0, 0, 0, 0, 141, 322, 4, 0.04, 3538317312, 4095750144, 0, 0, 0, 0, 126, 166, 4, 0.13, 3468025856, 4095750144, 0, 0, 0, 0, 130, 170, 4, 0.35, 3516948480, 4095750144, 0, 0, 0, 0, 128, 168, 4, 0.61, 3555397632, 4095750144, 0, 0, 0, 0, 127, 167, 6, 0.07, 7217401856, 8240128000, 1, 0.0, 7217401856, 8240128000, 288, 519, 8, 0.09, 15408508928, 16713510912, 1, 0.0, 4278190080, 4294967296, 226, 424
27, 5244.444444444444, 4, 0.05, 3498139648, 4156719104, 1, 0.0, 3498139648, 4156719104, 207, 276, 4, 1.42, 119128064, 439730176, 0, 0, 0, 0, 125, 133, 4, 0.34, 241934336, 439730176, 0, 0, 0, 0, 123, 132, 4, 0.57, 3431706624, 4095750144, 0, 0, 0, 0, 141, 322, 4, 0.04, 3538317312, 4095750144, 0, 0, 0, 0, 126, 166, 4, 0.12, 3468025856, 4095750144, 0, 0, 0, 0, 130, 170, 4, 0.33, 3516948480, 4095750144, 0, 0, 0, 0, 128, 168, 4, 0.56, 3555389440, 4095750144, 0, 0, 0, 0, 128, 168, 6, 0.07, 7218290688, 8240128000, 1, 0.0, 7218290688, 8240128000, 288, 519, 8, 0.08, 15407259648, 16713510912, 1, 0.0, 4278190080, 4294967296, 225, 422
13, 12166.666666666668, 4, 0.12, 3344556032, 4156719104, 1, 0.0, 3344556032, 4156719104, 207, 277, 4, 1.31, 119128064, 439730176, 0, 0, 0, 0, 125, 133, 4, 0.39, 241426432, 439730176, 0, 0, 0, 0, 123, 132, 4, 0.6, 3430932480, 4095750144, 0, 0, 0, 0, 141, 322, 4, 0.04, 3538317312, 4095750144, 0, 0, 0, 0, 126, 166, 4, 0.12, 3468029952, 4095750144, 0, 0, 0, 0, 130, 170, 4, 0.3, 3516948480, 4095750144, 0, 0, 0, 0, 128, 168, 4, 0.52, 3555389440, 4095750144, 0, 0, 0, 0, 128, 168, 6, 0.07, 7218290688, 8240128000, 1, 0.0, 7218290688, 8240128000, 288, 519, 8, 0.08, 15405240320, 16713510912, 1, 0.0, 4278190080, 4294967296, 225, 422
20, 2600.0, 4, 0.12, 3530223616, 4156719104, 1, 0.0047423229127695485, 3530223616, 4156719104, 206, 274, 4, 1.11, 119128064, 439730176, 0, 0, 0, 0, 125, 133, 4, 0.49, 240562176, 439730176, 0, 0, 0, 0, 123, 132, 4, 0.64, 3429384192, 4095750144, 0, 0, 0, 0, 141, 322, 4, 0.03, 3529936896, 4095750144, 0, 0, 0, 0, 127, 168, 4, 0.1, 3467771904, 4095750144, 0, 0, 0, 0, 130, 170, 4, 0.25, 3516690432, 4095750144, 0, 0, 0, 0, 128, 167, 4, 0.52, 3522453504, 4095750144, 0, 0, 0, 0, 129, 170, 6, 0.06, 7218298880, 8240128000, 1, 0.0, 7218298880, 8240128000, 288, 519, 8, 0.07, 15407763456, 16713510912, 1, 0.0, 4278190080, 4294967296, 225, 422
17, 17388.88888888889, 4, 0.08, 3527667712, 4156719104, 1, 0.002936605025225929, 3527667712, 4156719104, 206, 274, 4, 1.8, 119115776, 439730176, 0, 0, 0, 0, 125, 133, 4, 0.26, 273686528, 439730176, 0, 0, 0, 0, 122, 130, 4, 0.66, 3425959936, 4095750144, 0, 0, 0, 0, 141, 322, 4, 0.06, 3538567168, 4095750144, 0, 0, 0, 0, 127, 167, 4, 0.19, 3467776000, 4095750144, 0, 0, 0, 0, 129, 169, 4, 0.15, 3516948480, 4095750144, 0, 0, 0, 0, 128, 168, 4, 0.41, 3525771264, 4095750144, 0, 0, 0, 0, 129, 170, 6, 0.1, 7217655808, 8240128000, 1, 0.0, 7217655808, 8240128000, 288, 519, 8, 0.12, 15404785664, 16713510912, 1, 0.0, 4278190080, 4294967296, 228, 425
24, 4111.111111111111, 4, 0.11, 3530309632, 4156719104, 1, 0.004491771886025298, 3530309632, 4156719104, 206, 274, 4, 1.11, 119128064, 439730176, 0, 0, 0, 0, 125, 133, 4, 0.53, 240054272, 439730176, 0, 0, 0, 0, 123, 132, 4, 0.66, 3426263040, 4095750144, 0, 0, 0, 0, 141, 322, 4, 0.03, 3537518592, 4095750144, 0, 0, 0, 0, 127, 167, 4, 0.09, 3467771904, 4095750144, 0, 0, 0, 0, 130, 170, 4, 0.23, 3516698624, 4095750144, 0, 0, 0, 0, 127, 167, 4, 0.64, 3483897856, 4095750144, 0, 0, 0, 0, 130, 172, 6, 0.13, 7218343936, 8240128000, 1, 0.0, 7218343936, 8240128000, 288, 519, 8, 0.15, 15415832576, 16713510912, 1, 0.0, 4278190080, 4294967296, 225, 422
8, 3969.4444444444443, 4, 0.1, 3530444800, 4156719104, 1, 0.004236731306121959, 3530444800, 4156719104, 206, 274, 4, 1.02, 119128064, 439730176, 0, 0, 0, 0, 125, 133, 4, 0.53, 239558656, 439730176, 0, 0, 0, 0, 123, 132, 4, 0.69, 3462696960, 4095750144, 0, 0, 0, 0, 140, 320, 4, 0.03, 3537502208, 4095750144, 0, 0, 0, 0, 127, 167, 4, 0.09, 3467771904, 4095750144, 0, 0, 0, 0, 130, 170, 4, 0.23, 3516698624, 4095750144, 0, 0, 0, 0, 127, 167, 4, 0.75, 3517726720, 4095750144, 0, 0, 0, 0, 130, 172, 6, 0.12, 7218343936, 8240128000, 1, 0.0, 7218343936, 8240128000, 288, 519, 8, 0.13, 15417810944, 16713510912, 1, 0.0, 4278190080, 4294967296, 225, 422
2, 1686.111111111111, 4, 0.09, 3530444800, 4156719104, 1, 0.0037692711508125077, 3530444800, 4156719104, 206, 274, 4, 0.86, 119140352, 439730176, 0, 0, 0, 0, 125, 133, 4, 0.6, 238669824, 439730176, 0, 0, 0, 0, 124, 133, 4, 0.67, 3432087552, 4095750144, 0, 0, 0, 0, 141, 322, 4, 0.02, 3537244160, 4095750144, 0, 0, 0, 0, 128, 169, 4, 0.08, 3467780096, 4095750144, 0, 0, 0, 0, 129, 169, 4, 0.2, 3516698624, 4095750144, 0, 0, 0, 0, 127, 167, 4, 0.77, 3516973056, 4095750144, 0, 0, 0, 0, 129, 170, 6, 0.11, 7218343936, 8240128000, 1, 0.0, 7218343936, 8240128000, 288, 519, 8, 0.11, 15412203520, 16713510912, 1, 0.0, 4278190080, 4294967296, 225, 422
11, 9555.555555555555, 4, 0.17, 3530444800, 4156719104, 1, 0.003555253804315689, 3530444800, 4156719104, 206, 274, 4, 0.79, 119140352, 439730176, 0, 0, 0, 0, 125, 133, 4, 0.63, 238161920, 439730176, 0, 0, 0, 0, 124, 133, 4, 0.69, 3431321600, 4095750144, 0, 0, 0, 0, 140, 321, 4, 0.02, 3537940480, 4095750144, 0, 0, 0, 0, 127, 167, 4, 0.07, 3467780096, 4095750144, 0, 0, 0, 0, 129, 169, 4, 0.18, 3516698624, 4095750144, 0, 0, 0, 0, 127, 167, 4, 0.79, 3516198912, 4095750144, 0, 0, 0, 0, 129, 170, 6, 0.17, 7034765312, 8240128000, 1, 0.0, 7034765312, 8240128000, 289, 522, 8, 0.1, 15410798592, 16713510912, 1, 0.0, 4278190080, 4294967296, 225, 422
2, 1686.111111111111, 4, 0.15, 3530444800, 4156719104, 1, 0.003353388256606726, 3530444800, 4156719104, 206, 274, 4, 0.73, 119140352, 439730176, 0, 0, 0, 0, 125, 133, 4, 0.66, 237654016, 439730176, 0, 0, 0, 0, 124, 133, 4, 0.69, 3431063552, 4095750144, 0, 0, 0, 0, 141, 322, 4, 0.02, 3537682432, 4095750144, 0, 0, 0, 0, 127, 167, 4, 0.07, 3467780096, 4095750144, 0, 0, 0, 0, 129, 169, 4, 0.16, 3516698624, 4095750144, 0, 0, 0, 0, 127, 167, 4, 0.8, 3515424768, 4095750144, 0, 0, 0, 0, 129, 170, 6, 0.17, 7204831232, 8240128000, 1, 0.0, 7204831232, 8240128000, 289, 521, 8, 0.1, 15409881088, 16713510912, 1, 0.0, 4278190080, 4294967296, 226, 423
15, 14777.777777777777, 4, 0.06, 3504852992, 4156719104, 1, 0.002612594427907412, 3504852992, 4156719104, 206, 274, 4, 1.68, 119115776, 439730176, 0, 0, 0, 0, 125, 133, 4, 0.66, 232067072, 439730176, 0, 0, 0, 0, 124, 133, 4, 0.44, 3434287104, 4095750144, 0, 0, 0, 0, 141, 322, 4, 0.05, 3538575360, 4095750144, 0, 0, 0, 0, 126, 166, 4, 0.16, 3467767808, 4095750144, 0, 0, 0, 0, 130, 170, 4, 0.12, 3516948480, 4095750144, 0, 0, 0, 0, 128, 168, 4, 0.46, 3540709376, 4095750144, 0, 0, 0, 0, 127, 167, 6, 0.09, 7217401856, 8240128000, 1, 0.0, 7217401856, 8240128000, 288, 519, 8, 0.11, 15409471488, 16713510912, 1, 0.0, 4278190080, 4294967296, 227, 424
6, 3208.333333333333, 4, 0.13, 3530444800, 4156719104, 1, 0.002983391841450266, 3530444800, 4156719104, 206, 274, 4, 0.67, 119140352, 439730176, 0, 0, 0, 0, 125, 133, 4, 0.64, 269713408, 439730176, 0, 0, 0, 0, 124, 133, 4, 0.74, 3429240832, 4095750144, 0, 0, 0, 0, 142, 323, 4, 0.02, 3519741952, 4095750144, 0, 0, 0, 0, 128, 169, 4, 0.06, 3467771904, 4095750144, 0, 0, 0, 0, 130, 170, 4, 0.15, 3516698624, 4095750144, 0, 0, 0, 0, 127, 167, 4, 0.82, 3513618432, 4095750144, 0, 0, 0, 0, 129, 170, 6, 0.15, 7206387712, 8240128000, 1, 3.555345487373387e-05, 7206387712, 8240128000, 288, 519, 8, 0.09, 15407243264, 16713510912, 1, 0.0, 4278190080, 4294967296, 226, 423
18, 18694.444444444445, 4, 0.05, 3473686528, 4156719104, 1, 0.0019586258569489288, 3473686528, 4156719104, 207, 276, 4, 1.2, 119128064, 439730176, 0, 0, 0, 0, 125, 133, 4, 0.44, 241045504, 439730176, 0, 0, 0, 0, 123, 132, 4, 0.64, 3430158336, 4095750144, 0, 0, 0, 0, 141, 322, 4, 0.03, 3538317312, 4095750144, 0, 0, 0, 0, 126, 166, 4, 0.11, 3467771904, 4095750144, 0, 0, 0, 0, 130, 170, 4, 0.27, 3516690432, 4095750144, 0, 0, 0, 0, 128, 168, 4, 0.83, 3512029184, 4095750144, 0, 0, 0, 0, 129, 170, 6, 0.06, 7218290688, 8240128000, 1, 0.0, 7218290688, 8240128000, 288, 519, 8, 0.07, 15407144960, 16713510912, 1, 0.0, 4278190080, 4294967296, 225, 422
25, 4488.888888888889, 4, 0.12, 3530444800, 4156719104, 1, 0.0028257703755979456, 3530444800, 4156719104, 206, 274, 4, 0.62, 119140352, 439730176, 0, 0, 0, 0, 125, 133, 4, 0.64, 270512128, 439730176, 0, 0, 0, 0, 122, 130, 4, 0.76, 3428204544, 4095750144, 0, 0, 0, 0, 142, 323, 4, 0.1, 3518193664, 4095750144, 0, 0, 0, 0, 128, 169, 4, 0.05, 3467771904, 4095750144, 0, 0, 0, 0, 130, 170, 4, 0.14, 3516698624, 4095750144, 0, 0, 0, 0, 127, 167, 4, 0.83, 3554418688, 4095750144, 0, 0, 0, 0, 128, 168, 6, 0.13, 7206387712, 8240128000, 1, 3.353474733945879e-05, 7206387712, 8240128000, 288, 519, 8, 0.08, 15376035840, 16713510912, 1, 0.0, 4278190080, 4294967296, 227, 425
13, 12166.666666666668, 4, 0.14, 3530444800, 4156719104, 1, 0.0031629845345773717, 3530444800, 4156719104, 206, 274, 4, 0.73, 119140352, 439730176, 0, 0, 0, 0, 125, 133, 4, 0.61, 270221312, 439730176, 0, 0, 0, 0, 123, 131, 4, 0.72, 3430023168, 4095750144, 0, 0, 0, 0, 141, 322, 4, 0.17, 3515760640, 4095750144, 0, 0, 0, 0, 128, 169, 4, 0.06, 3467771904, 4095750144, 0, 0, 0, 0, 130, 170, 4, 0.15, 3516698624, 4095750144, 0, 0, 0, 0, 127, 167, 4, 0.8, 3514650624, 4095750144, 0, 0, 0, 0, 129, 170, 6, 0.16, 7206260736, 8240128000, 1, 3.769368352959928e-05, 7206260736, 8240128000, 288, 519, 8, 0.1, 15413993472, 16713510912, 1, 0.0, 4278190080, 4294967296, 226, 423
6, 3208.333333333333, 4, 0.12, 3530571776, 4156719104, 1, 0.0026653245351695035, 3530571776, 4156719104, 206, 274, 4, 0.6, 117411840, 439730176, 0, 0, 0, 0, 126, 135, 4, 0.59, 270512128, 439730176, 0, 0, 0, 0, 122, 130, 4, 0.78, 3427692544, 4095750144, 0, 0, 0, 0, 142, 323, 4, 0.17, 3537489920, 4095750144, 0, 0, 0, 0, 126, 166, 4, 0.05, 3468029952, 4095750144, 0, 0, 0, 0, 130, 170, 4, 0.13, 3516698624, 4095750144, 0, 0, 0, 0, 127, 167, 4, 0.77, 3554635776, 4095750144, 0, 0, 0, 0, 128, 168, 6, 0.13, 7205609472, 8240128000, 1, 3.1630661017760975e-05, 7205609472, 8240128000, 289, 520, 8, 0.07, 15452708864, 16713510912, 1, 0.0, 4278190080, 4294967296, 226, 423
7, 3588.8888888888887, 4, 0.18, 3527843840, 4156719104, 1, 0.0, 3527843840, 4156719104, 207, 276, 4, 0.6, 116248576, 439730176, 0, 0, 0, 0, 125, 133, 4, 0.54, 270512128, 439730176, 0, 0, 0, 0, 122, 130, 4, 0.96, 3427069952, 4095750144, 0, 0, 0, 0, 142, 323, 4, 0.15, 3537563648, 4095750144, 0, 0, 0, 0, 127, 167, 4, 0.05, 3468029952, 4095750144, 0, 0, 0, 0, 130, 170, 4, 0.12, 3516698624, 4095750144, 0, 0, 0, 0, 127, 167, 4, 0.71, 3554635776, 4095750144, 0, 0, 0, 0, 128, 168, 6, 0.12, 7205605376, 8240128000, 1, 2.9959519102633334e-05, 7205605376, 8240128000, 289, 520, 8, 0.07, 15450112000, 16713510912, 1, 0.0, 4278190080, 4294967296, 226, 423
17, 17388.88888888889, 4, 0.09, 3530444800, 4156719104, 1, 0.003996171803852995, 3530444800, 4156719104, 206, 274, 4, 0.94, 119140352, 439730176, 0, 0, 0, 0, 125, 133, 4, 0.56, 239177728, 439730176, 0, 0, 0, 0, 124, 133, 4, 0.96, 3426045952, 4095750144, 0, 0, 0, 0, 142, 323, 4, 0.02, 3537502208, 4095750144, 0, 0, 0, 0, 127, 167, 4, 0.08, 3467771904, 4095750144, 0, 0, 0, 0, 129, 169, 4, 0.21, 3516698624, 4095750144, 0, 0, 0, 0, 127, 167, 4, 0.75, 3518005248, 4095750144, 0, 0, 0, 0, 129, 170, 6, 0.11, 7218343936, 8240128000, 1, 0.0, 7218343936, 8240128000, 288, 519, 8, 0.12, 15420096512, 16713510912, 1, 0.0, 4278190080, 4294967296, 225, 422
11, 9555.555555555555, 4, 0.18, 3529695232, 4156719104, 1, 0.0023712456967593114, 3529695232, 4156719104, 206, 274, 4, 0.55, 116248576, 439730176, 0, 0, 0, 0, 125, 133, 4, 0.5, 270512128, 439730176, 0, 0, 0, 0, 122, 130, 4, 0.96, 3426402304, 4095750144, 0, 0, 0, 0, 142, 323, 4, 0.14, 3537567744, 4095750144, 0, 0, 0, 0, 127, 167, 4, 0.04, 3468029952, 4095750144, 0, 0, 0, 0, 130, 170, 4, 0.11, 3516698624, 4095750144, 0, 0, 0, 0, 127, 167, 4, 0.65, 3554635776, 4095750144, 0, 0, 0, 0, 128, 168, 6, 0.11, 7205605376, 8240128000, 1, 2.8258432467015682e-05, 7205605376, 8240128000, 289, 520, 8, 0.06, 15196045312, 16713510912, 1, 0.0, 4179623936, 4294967296, 227, 435
15, 14777.777777777777, 4, 0.15, 3529695232, 4156719104, 1, 0.0021008240165645707, 3529695232, 4156719104, 206, 274, 4, 0.51, 116264960, 439730176, 0, 0, 0, 0, 125, 133, 4, 0.46, 270512128, 439730176, 0, 0, 0, 0, 122, 130, 4, 0.88, 3462533120, 4095750144, 0, 0, 0, 0, 141, 321, 4, 0.13, 3537276928, 4095750144, 0, 0, 0, 0, 127, 167, 4, 0.04, 3467771904, 4095750144, 0, 0, 0, 0, 128, 168, 4, 0.1, 3487846400, 4095750144, 0, 0, 0, 0, 128, 169, 4, 0.6, 3554635776, 4095750144, 0, 0, 0, 0, 126, 166, 6, 0.1, 7205605376, 8240128000, 1, 2.4827586497651563e-05, 7205605376, 8240128000, 289, 520, 8, 0.05, 15171813376, 16713510912, 1, 0.0, 4171235328, 4294967296, 227, 435
28, 5622.222222222223, 4, 0.14, 3470290944, 4156719104, 1, 0.0, 3470290944, 4156719104, 207, 276, 4, 0.47, 116264960, 439730176, 0, 0, 0, 0, 124, 132, 4, 0.47, 270512128, 439730176, 0, 0, 0, 0, 122, 130, 4, 0.81, 3462393856, 4095750144, 0, 0, 0, 0, 140, 320, 4, 0.18, 3537313792, 4095750144, 0, 0, 0, 0, 126, 166, 4, 0.03, 3467792384, 4095750144, 0, 0, 0, 0, 128, 168, 4, 0.17, 3486822400, 4095750144, 0, 0, 0, 0, 127, 168, 4, 0.55, 3554639872, 4095750144, 0, 0, 0, 0, 126, 166, 6, 0.09, 7205670912, 8240128000, 1, 2.3417888450058927e-05, 7205670912, 8240128000, 285, 516, 8, 0.05, 15454064640, 16713510912, 1, 0.0, 4278190080, 4294967296, 226, 423
10, 8250.0, 4, 0.2, 3356667904, 4156719104, 1, 0.0, 3356667904, 4156719104, 205, 275, 4, 0.43, 116264960, 439730176, 0, 0, 0, 0, 124, 132, 4, 0.47, 270557184, 439730176, 0, 0, 0, 0, 122, 130, 4, 0.75, 3462791168, 4095750144, 0, 0, 0, 0, 140, 321, 4, 0.18, 3537313792, 4095750144, 0, 0, 0, 0, 126, 166, 4, 0.03, 3468050432, 4095750144, 0, 0, 0, 0, 128, 168, 4, 0.32, 3486048256, 4095750144, 0, 0, 0, 0, 127, 168, 4, 0.5, 3554656256, 4095750144, 0, 0, 0, 0, 126, 166, 6, 0.08, 7205670912, 8240128000, 1, 2.208823235844033e-05, 7205670912, 8240128000, 285, 516, 8, 0.05, 15453700096, 16713510912, 1, 0.0, 4278190080, 4294967296, 226, 423
8, 3969.4444444444443, 4, 0.13, 3367460864, 4156719104, 1, 0.0018308868862534154, 3367460864, 4156719104, 205, 275, 4, 0.4, 116264960, 439730176, 0, 0, 0, 0, 124, 132, 4, 0.48, 270303232, 439730176, 0, 0, 0, 0, 123, 132, 4, 0.69, 3462791168, 4095750144, 0, 0, 0, 0, 140, 321, 4, 0.17, 3537313792, 4095750144, 0, 0, 0, 0, 126, 166, 4, 0.03, 3468050432, 4095750144, 0, 0, 0, 0, 128, 168, 4, 0.37, 3485274112, 4095750144, 0, 0, 0, 0, 127, 168, 4, 0.46, 3554656256, 4095750144, 0, 0, 0, 0, 126, 166, 6, 0.07, 7205654528, 8240128000, 1, 2.0921245335799814e-05, 7205654528, 8240128000, 286, 517, 8, 0.04, 15440949248, 16713510912, 1, 0.0, 4278190080, 4294967296, 225, 422
22, 3355.5555555555557, 4, 0.18, 3533987840, 4156719104, 1, 0.0016288758059270902, 3533987840, 4156719104, 204, 272, 4, 0.33, 116281344, 439730176, 0, 0, 0, 0, 123, 131, 4, 0.52, 238477312, 439730176, 0, 0, 0, 0, 123, 132, 4, 0.58, 3463065600, 4095750144, 0, 0, 0, 0, 138, 319, 4, 0.14, 3537313792, 4095750144, 0, 0, 0, 0, 126, 166, 4, 0.02, 3468050432, 4095750144, 0, 0, 0, 0, 128, 168, 4, 0.47, 3483471872, 4095750144, 0, 0, 0, 0, 127, 168, 4, 0.39, 3554656256, 4095750144, 0, 0, 0, 0, 126, 166, 6, 0.07, 7183323136, 8240128000, 1, 0.0, 7183323136, 8240128000, 287, 519, 8, 0.04, 15440023552, 16713510912, 1, 0.0, 4278190080, 4294967296, 225, 422
22, 3355.5555555555557, 4, 0.17, 3533987840, 4156719104, 1, 0.00154281745158876, 3533987840, 4156719104, 204, 272, 4, 0.31, 91484160, 439730176, 0, 0, 0, 0, 125, 134, 4, 0.56, 237801472, 439730176, 0, 0, 0, 0, 123, 132, 4, 0.58, 3463073792, 4095750144, 0, 0, 0, 0, 138, 318, 4, 0.13, 3537055744, 4095750144, 0, 0, 0, 0, 126, 166, 4, 0.02, 3467874304, 4095750144, 0, 0, 0, 0, 129, 172, 4, 0.51, 3482697728, 4095750144, 0, 0, 0, 0, 127, 168, 4, 0.39, 3554914304, 4095750144, 0, 0, 0, 0, 126, 166, 6, 0.14, 7193374720, 8240128000, 1, 1.7556066622314862e-05, 7193374720, 8240128000, 286, 517, 8, 0.04, 15441182720, 16713510912, 1, 0.0, 4278190080, 4294967296, 225, 422
20, 2600.0, 4, 0.15, 3533987840, 4156719104, 1, 0.0014552170418790909, 3533987840, 4156719104, 204, 272, 4, 0.31, 111263744, 439730176, 0, 0, 0, 0, 124, 132, 4, 0.59, 231120896, 439730176, 0, 0, 0, 0, 124, 134, 4, 0.54, 3462815744, 4095750144, 0, 0, 0, 0, 138, 318, 4, 0.12, 3537055744, 4095750144, 0, 0, 0, 0, 126, 166, 4, 0.02, 3467919360, 4095750144, 0, 0, 0, 0, 129, 172, 4, 0.51, 3481923584, 4095750144, 0, 0, 0, 0, 127, 168, 4, 0.36, 3554656256, 4095750144, 0, 0, 0, 0, 126, 166, 6, 0.13, 7193374720, 8240128000, 1, 1.655924186678639e-05, 7193374720, 8240128000, 286, 517, 8, 0.03, 15451910144, 16713510912, 1, 0.0, 4278190080, 4294967296, 225, 422
17, 17388.88888888889, 4, 0.17, 3529695232, 4156719104, 1, 0.002236607542164613, 3529695232, 4156719104, 206, 274, 4, 0.55, 116264960, 439730176, 0, 0, 0, 0, 125, 133, 4, 0.46, 270512128, 439730176, 0, 0, 0, 0, 122, 130, 4, 0.96, 3462533120, 4095750144, 0, 0, 0, 0, 141, 321, 4, 0.13, 3537567744, 4095750144, 0, 0, 0, 0, 127, 167, 4, 0.04, 3467771904, 4095750144, 0, 0, 0, 0, 130, 170, 4, 0.55, 3480092672, 4095750144, 0, 0, 0, 0, 127, 168, 4, 0.65, 3554893824, 4095750144, 0, 0, 0, 0, 128, 168, 6, 0.1, 7205605376, 8240128000, 1, 2.665393268688005e-05, 7205605376, 8240128000, 289, 520, 8, 0.06, 15431073792, 16713510912, 1, 0.0, 4278190080, 4294967296, 226, 423
1, 1305.5555555555557, 4, 0.14, 3533987840, 4156719104, 1, 0.0013725905399855408, 3533987840, 4156719104, 204, 272, 4, 0.28, 111263744, 439730176, 0, 0, 0, 0, 124, 132, 4, 0.59, 228261888, 439730176, 0, 0, 0, 0, 123, 132, 4, 0.49, 3462815744, 4095750144, 0, 0, 0, 0, 138, 318, 4, 0.12, 3536007168, 4095750144, 0, 0, 0, 0, 127, 168, 4, 0.02, 3467919360, 4095750144, 0, 0, 0, 0, 129, 172, 4, 0.55, 3509235712, 4095750144, 0, 0, 0, 0, 126, 166, 4, 0.33, 3554656256, 4095750144, 0, 0, 0, 0, 126, 166, 6, 0.12, 7193374720, 8240128000, 1, 1.56843678592282e-05, 7193374720, 8240128000, 286, 517, 8, 0.03, 15445057536, 16713510912, 1, 0.0, 4278190080, 4294967296, 225, 422
22, 3355.5555555555557, 4, 0.13, 3533987840, 4156719104, 1, 0.0012946555298892204, 3533987840, 4156719104, 204, 272, 4, 0.26, 111263744, 439730176, 0, 0, 0, 0, 124, 132, 4, 0.63, 227627008, 439730176, 0, 0, 0, 0, 123, 132, 4, 0.45, 3463073792, 4095750144, 0, 0, 0, 0, 138, 318, 4, 0.19, 3514880000, 4095750144, 0, 0, 0, 0, 127, 168, 4, 0.02, 3468808192, 4095750144, 0, 0, 0, 0, 128, 169, 4, 0.51, 3517100032, 4095750144, 0, 0, 0, 0, 126, 166, 4, 0.3, 3554656256, 4095750144, 0, 0, 0, 0, 126, 166, 6, 0.11, 7193374720, 8240128000, 1, 1.4793817231160899e-05, 7193374720, 8240128000, 286, 517, 8, 0.03, 15443177472, 16713510912, 1, 0.0, 4278190080, 4294967296, 226, 422
12, 10861.111111111111, 4, 0.2, 3533975552, 4156719104, 1, 0.0017269300369173535, 3533975552, 4156719104, 204, 272, 4, 0.36, 116264960, 439730176, 0, 0, 0, 0, 124, 132, 4, 0.63, 223944704, 439730176, 0, 0, 0, 0, 123, 132, 4, 0.63, 3462807552, 4095750144, 0, 0, 0, 0, 138, 319, 4, 0.16, 3537313792, 4095750144, 0, 0, 0, 0, 126, 166, 4, 0.03, 3468050432, 4095750144, 0, 0, 0, 0, 128, 168, 4, 0.42, 3484241920, 4095750144, 0, 0, 0, 0, 127, 168, 4, 0.43, 3554656256, 4095750144, 0, 0, 0, 0, 126, 166, 6, 0.07, 7205654528, 8240128000, 1, 1.9733347401948164e-05, 7205654528, 8240128000, 286, 517, 8, 0.04, 15438848000, 16713510912, 1, 0.0, 4278190080, 4294967296, 225, 422
3, 2066.6666666666665, 4, 0.13, 3533987840, 4156719104, 1, 0.0012211456310127237, 3533987840, 4156719104, 204, 272, 4, 0.24, 111263744, 439730176, 0, 0, 0, 0, 124, 132, 4, 0.58, 245170176, 439730176, 0, 0, 0, 0, 122, 130, 4, 0.42, 3463073792, 4095750144, 0, 0, 0, 0, 138, 318, 4, 0.18, 3538087936, 4095750144, 0, 0, 0, 0, 126, 166, 4, 0.02, 3468554240, 4095750144, 0, 0, 0, 0, 129, 169, 4, 0.47, 3517100032, 4095750144, 0, 0, 0, 0, 126, 166, 4, 0.28, 3554398208, 4095750144, 0, 0, 0, 0, 127, 168, 6, 0.11, 7193374720, 8240128000, 1, 1.395383162606866e-05, 7193374720, 8240128000, 286, 517, 8, 0.02, 15444631552, 16713510912, 1, 0.0, 4278190080, 4294967296, 225, 422
4, 2447.222222222222, 4, 0.12, 3533987840, 4156719104, 1, 0.001151809587735712, 3533987840, 4156719104, 204, 272, 4, 0.22, 111263744, 439730176, 0, 0, 0, 0, 124, 132, 4, 0.53, 243564544, 439730176, 0, 0, 0, 0, 123, 132, 4, 0.38, 3463081984, 4095750144, 0, 0, 0, 0, 137, 317, 4, 0.16, 3538087936, 4095750144, 0, 0, 0, 0, 126, 166, 4, 0.02, 3468554240, 4095750144, 0, 0, 0, 0, 129, 169, 4, 0.43, 3517100032, 4095750144, 0, 0, 0, 0, 126, 166, 4, 0.26, 3555368960, 4095750144, 0, 0, 0, 0, 126, 166, 6, 0.1, 7193374720, 8240128000, 1, 1.3161539987025692e-05, 7193374720, 8240128000, 286, 517, 8, 0.02, 15437008896, 16713510912, 1, 0.0, 4278190080, 4294967296, 225, 422
10, 8250.0, 4, 0.11, 3533987840, 4156719104, 1, 0.0010864104106073547, 3533987840, 4156719104, 204, 272, 4, 0.2, 111263744, 439730176, 0, 0, 0, 0, 125, 133, 4, 0.49, 243838976, 439730176, 0, 0, 0, 0, 122, 130, 4, 0.38, 3463081984, 4095750144, 0, 0, 0, 0, 137, 317, 4, 0.15, 3537829888, 4095750144, 0, 0, 0, 0, 126, 166, 4, 0.01, 3468554240, 4095750144, 0, 0, 0, 0, 129, 169, 4, 0.39, 3517100032, 4095750144, 0, 0, 0, 0, 126, 166, 4, 0.24, 3541544960, 4095750144, 0, 0, 0, 0, 127, 169, 6, 0.09, 7193374720, 8240128000, 1, 1.2466176677115823e-05, 7193374720, 8240128000, 286, 517, 8, 0.02, 15439020032, 16713510912, 1, 0.0, 4278190080, 4294967296, 225, 422
13, 12166.666666666668, 4, 0.1, 3534114816, 4156719104, 1, 0.0010247245663203013, 3534114816, 4156719104, 204, 272, 4, 0.2, 111341568, 439730176, 0, 0, 0, 0, 125, 133, 4, 0.45, 243838976, 439730176, 0, 0, 0, 0, 123, 131, 4, 0.35, 3463081984, 4095750144, 0, 0, 0, 0, 137, 317, 4, 0.14, 3537829888, 4095750144, 0, 0, 0, 0, 126, 166, 4, 0.01, 3468554240, 4095750144, 0, 0, 0, 0, 129, 169, 4, 0.36, 3517358080, 4095750144, 0, 0, 0, 0, 126, 166, 4, 0.24, 3554848768, 4095750144, 0, 0, 0, 0, 126, 167, 6, 0.16, 6998040576, 8240128000, 1, 0.0, 6998040576, 8240128000, 287, 520, 8, 0.02, 15443947520, 16713510912, 1, 0.0, 4278190080, 4294967296, 225, 422
22, 3355.5555555555557, 4, 0.08, 3511164928, 4156719104, 1, 0.0, 3511164928, 4156719104, 205, 274, 4, 0.24, 111423488, 439730176, 0, 0, 0, 0, 125, 133, 4, 0.41, 243838976, 439730176, 0, 0, 0, 0, 123, 131, 4, 0.3, 3462823936, 4095750144, 0, 0, 0, 0, 137, 317, 4, 0.12, 3537829888, 4095750144, 0, 0, 0, 0, 126, 166, 4, 0.01, 3469070336, 4095750144, 0, 0, 0, 0, 129, 169, 4, 0.33, 3517358080, 4095750144, 0, 0, 0, 0, 126, 166, 4, 0.2, 3554590720, 4095750144, 0, 0, 0, 0, 126, 167, 6, 0.15, 7185854464, 8240128000, 1, 0.0001235420448917752, 7185854464, 8240128000, 286, 517, 8, 0.09, 15441252352, 16713510912, 1, 0.0, 4278190080, 4294967296, 225, 422
10, 8250.0, 4, 0.07, 3521630208, 4156719104, 1, 0.000771436131671701, 3521630208, 4156719104, 203, 271, 4, 0.26, 308764672, 439730176, 0, 0, 0, 0, 125, 133, 4, 0.39, 302788608, 439730176, 0, 0, 0, 0, 123, 131, 4, 0.25, 3462823936, 4095750144, 0, 0, 0, 0, 137, 317, 4, 0.1, 3524526080, 4095750144, 0, 0, 0, 0, 128, 169, 4, 0.01, 3468816384, 4095750144, 0, 0, 0, 0, 129, 169, 4, 0.26, 3516841984, 4095750144, 0, 0, 0, 0, 126, 166, 4, 0.17, 3554856960, 4095750144, 0, 0, 0, 0, 126, 166, 6, 0.12, 7185870848, 8240128000, 1, 0.00010453967727441365, 7185870848, 8240128000, 285, 516, 8, 0.16, 15442350080, 16713510912, 1, 0.0, 4278190080, 4294967296, 225, 422
22, 3355.5555555555557, 4, 0.07, 3521630208, 4156719104, 1, 0.0007276343707247446, 3521630208, 4156719104, 203, 271, 4, 0.26, 308002816, 439730176, 0, 0, 0, 0, 125, 133, 4, 0.36, 286949376, 439730176, 0, 0, 0, 0, 123, 132, 4, 0.23, 3462823936, 4095750144, 0, 0, 0, 0, 137, 317, 4, 0.09, 3537055744, 4095750144, 0, 0, 0, 0, 127, 167, 4, 0.01, 3468816384, 4095750144, 0, 0, 0, 0, 129, 169, 4, 0.26, 3516841984, 4095750144, 0, 0, 0, 0, 126, 166, 4, 0.24, 3554856960, 4095750144, 0, 0, 0, 0, 126, 166, 6, 0.11, 7185870848, 8240128000, 1, 9.860396624734118e-05, 7185870848, 8240128000, 285, 516, 8, 0.14, 15442849792, 16713510912, 1, 0.0, 4278190080, 4294967296, 225, 422
5, 2827.777777777778, 4, 0.06, 3521630208, 4156719104, 1, 0.0006863196520399864, 3521630208, 4156719104, 203, 271, 4, 0.24, 307580928, 439730176, 0, 0, 0, 0, 125, 133, 4, 0.36, 285749248, 439730176, 0, 0, 0, 0, 122, 130, 4, 0.21, 3462823936, 4095750144, 0, 0, 0, 0, 137, 317, 4, 0.16, 3537039360, 4095750144, 0, 0, 0, 0, 128, 169, 4, 0.01, 3468828672, 4095750144, 0, 0, 0, 0, 128, 168, 4, 0.24, 3516841984, 4095750144, 0, 0, 0, 0, 126, 166, 4, 0.22, 3555115008, 4095750144, 0, 0, 0, 0, 126, 166, 6, 0.1, 7185870848, 8240128000, 1, 9.300528194844992e-05, 7185870848, 8240128000, 285, 516, 8, 0.13, 15446224896, 16713510912, 1, 0.0, 4278190080, 4294967296, 225, 422
23, 3733.333333333333, 4, 0.06, 3521630208, 4156719104, 1, 0.0006473507625912781, 3521630208, 4156719104, 203, 271, 4, 0.22, 292478976, 439730176, 0, 0, 0, 0, 124, 133, 4, 0.33, 285622272, 439730176, 0, 0, 0, 0, 122, 130, 4, 0.19, 3462823936, 4095750144, 0, 0, 0, 0, 137, 317, 4, 0.16, 3537350656, 4095750144, 0, 0, 0, 0, 127, 167, 4, 0.01, 3468828672, 4095750144, 0, 0, 0, 0, 128, 168, 4, 0.22, 3516846080, 4095750144, 0, 0, 0, 0, 126, 166, 4, 0.2, 3555119104, 4095750144, 0, 0, 0, 0, 126, 166, 6, 0.1, 7185870848, 8240128000, 1, 8.809153623491435e-05, 7185870848, 8240128000, 285, 516, 8, 0.12, 15440150528, 16713510912, 1, 0.0, 4278190080, 4294967296, 225, 422
12, 10861.111111111111, 4, 0.06, 3521630208, 4156719104, 1, 0.0006131492960917737, 3521630208, 4156719104, 203, 271, 4, 0.2, 269438976, 439730176, 0, 0, 0, 0, 123, 131, 4, 0.31, 285626368, 439730176, 0, 0, 0, 0, 123, 131, 4, 0.18, 3462565888, 4095750144, 0, 0, 0, 0, 137, 317, 4, 0.15, 3537350656, 4095750144, 0, 0, 0, 0, 127, 167, 4, 0.01, 3468820480, 4095750144, 0, 0, 0, 0, 129, 169, 4, 0.2, 3516846080, 4095750144, 0, 0, 0, 0, 126, 166, 4, 0.18, 3554861056, 4095750144, 0, 0, 0, 0, 126, 166, 6, 0.1, 7185424384, 8240128000, 1, 8.308974249827623e-05, 7185424384, 8240128000, 285, 516, 8, 0.11, 15181541376, 16713510912, 1, 0.0, 4177526784, 4294967296, 226, 434
13, 12166.666666666668, 4, 0.05, 3342028800, 4156719104, 1, 0.0, 3342028800, 4156719104, 204, 274, 4, 0.19, 269438976, 439730176, 0, 0, 0, 0, 123, 131, 4, 0.28, 285626368, 439730176, 0, 0, 0, 0, 123, 131, 4, 0.16, 3462565888, 4095750144, 0, 0, 0, 0, 137, 317, 4, 0.14, 3537444864, 4095750144, 0, 0, 0, 0, 127, 167, 4, 0.0, 3468816384, 4095750144, 0, 0, 0, 0, 129, 169, 4, 0.18, 3516846080, 4095750144, 0, 0, 0, 0, 126, 166, 4, 0.17, 3554861056, 4095750144, 0, 0, 0, 0, 127, 167, 6, 0.09, 7185362944, 8240128000, 1, 7.837194812926359e-05, 7185362944, 8240128000, 285, 516, 8, 0.1, 15426875392, 16713510912, 1, 0.0, 4278190080, 4294967296, 225, 422
25, 4488.888888888889, 4, 0.05, 3350294528, 4156719104, 1, 0.0005454974096564032, 3350294528, 4156719104, 204, 274, 4, 0.17, 269438976, 439730176, 0, 0, 0, 0, 122, 130, 4, 0.26, 285626368, 439730176, 0, 0, 0, 0, 123, 131, 4, 0.16, 3462823936, 4095750144, 0, 0, 0, 0, 137, 317, 4, 0.12, 3493863424, 4095750144, 0, 0, 0, 0, 128, 169, 4, 0.0, 3468816384, 4095750144, 0, 0, 0, 0, 129, 174, 4, 0.17, 3516846080, 4095750144, 0, 0, 0, 0, 126, 166, 4, 0.15, 3554852864, 4095750144, 0, 0, 0, 0, 127, 167, 6, 0.08, 7185362944, 8240128000, 1, 7.392202778463791e-05, 7185362944, 8240128000, 285, 516, 8, 0.1, 15427452928, 16713510912, 1, 0.0, 4278190080, 4294967296, 225, 422
9, 4350.0, 4, 0.04, 3520937984, 4156719104, 1, 0.0018799761911993923, 3520937984, 4156719104, 203, 271, 4, 0.16, 269438976, 439730176, 0, 0, 0, 0, 122, 130, 4, 0.24, 243265536, 439730176, 0, 0, 0, 0, 124, 133, 4, 0.14, 3462823936, 4095750144, 0, 0, 0, 0, 137, 317, 4, 0.11, 3536920576, 4095750144, 0, 0, 0, 0, 127, 168, 4, 0.0, 3468820480, 4095750144, 0, 0, 0, 0, 129, 169, 4, 0.16, 3516846080, 4095750144, 0, 0, 0, 0, 126, 166, 4, 0.14, 3554852864, 4095750144, 0, 0, 0, 0, 127, 167, 6, 0.07, 7185362944, 8240128000, 1, 6.604100460638793e-05, 7185362944, 8240128000, 285, 516, 8, 0.09, 15415070720, 16713510912, 1, 0.0, 4278190080, 4294967296, 226, 424
7, 3588.8888888888887, 4, 0.04, 3520937984, 4156719104, 1, 0.0017732320754753326, 3520937984, 4156719104, 203, 271, 4, 0.15, 269438976, 439730176, 0, 0, 0, 0, 122, 130, 4, 0.3, 242892800, 439730176, 0, 0, 0, 0, 124, 133, 4, 0.13, 3462823936, 4095750144, 0, 0, 0, 0, 137, 317, 4, 0.18, 3536646144, 4095750144, 0, 0, 0, 0, 128, 170, 4, 0.0, 3468820480, 4095750144, 0, 0, 0, 0, 129, 169, 4, 0.14, 3516846080, 4095750144, 0, 0, 0, 0, 126, 166, 4, 0.13, 3555110912, 4095750144, 0, 0, 0, 0, 127, 167, 6, 0.06, 7185362944, 8240128000, 1, 6.229122911921009e-05, 7185362944, 8240128000, 285, 516, 8, 0.08, 15416778752, 16713510912, 1, 0.0, 4278190080, 4294967296, 225, 422
3, 2066.6666666666665, 4, 0.04, 3520937984, 4156719104, 1, 0.00167254883770018, 3520937984, 4156719104, 203, 271, 4, 0.13, 269438976, 439730176, 0, 0, 0, 0, 122, 130, 4, 0.35, 242511872, 439730176, 0, 0, 0, 0, 124, 133, 4, 0.12, 3462565888, 4095750144, 0, 0, 0, 0, 138, 319, 4, 0.18, 3537420288, 4095750144, 0, 0, 0, 0, 127, 168, 4, 0.0, 3468820480, 4095750144, 0, 0, 0, 0, 129, 169, 4, 0.21, 3517337600, 4095750144, 0, 0, 0, 0, 126, 166, 4, 0.12, 3555110912, 4095750144, 0, 0, 0, 0, 127, 167, 6, 0.06, 7185362944, 8240128000, 1, 5.875436402441714e-05, 7185362944, 8240128000, 285, 516, 8, 0.07, 15421980672, 16713510912, 1, 0.0, 4278190080, 4294967296, 225, 422
1, 1305.5555555555557, 4, 0.03, 3520937984, 4156719104, 1, 0.0014093921119937346, 3520937984, 4156719104, 203, 271, 4, 0.11, 269561856, 439730176, 0, 0, 0, 0, 122, 130, 4, 0.58, 198643712, 439730176, 0, 0, 0, 0, 124, 134, 4, 0.1, 3463606272, 4095750144, 0, 0, 0, 0, 136, 316, 4, 0.14, 3537436672, 4095750144, 0, 0, 0, 0, 127, 167, 4, 0.0, 3468820480, 4095750144, 0, 0, 0, 0, 129, 169, 4, 0.32, 3485462528, 4095750144, 0, 0, 0, 0, 127, 168, 4, 0.1, 3555110912, 4095750144, 0, 0, 0, 0, 127, 167, 6, 0.05, 7184060416, 8240128000, 1, 0.0, 7184060416, 8240128000, 286, 518, 8, 0.06, 15415832576, 16713510912, 1, 0.0, 4278190080, 4294967296, 225, 422
22, 3355.5555555555557, 4, 0.02, 3520942080, 4156719104, 1, 0.001248662170132613, 3520942080, 4156719104, 203, 271, 4, 0.1, 269627392, 439730176, 0, 0, 0, 0, 123, 131, 4, 0.69, 196739072, 439730176, 0, 0, 0, 0, 124, 134, 4, 0.16, 3440336896, 4095750144, 0, 0, 0, 0, 137, 318, 4, 0.13, 3515633664, 4095750144, 0, 0, 0, 0, 129, 170, 4, 0.0, 3468820480, 4095750144, 0, 0, 0, 0, 129, 169, 4, 0.37, 3483656192, 4095750144, 0, 0, 0, 0, 127, 169, 4, 0.08, 3555110912, 4095750144, 0, 0, 0, 0, 127, 167, 6, 0.04, 7185743872, 8240128000, 1, 4.404733293371761e-05, 7185743872, 8240128000, 285, 516, 8, 0.05, 15414558720, 16713510912, 1, 0.0, 4278190080, 4294967296, 225, 422
23, 3733.333333333333, 4, 0.02, 3520999424, 4156719104, 1, 0.0011155389888626304, 3520999424, 4156719104, 203, 271, 4, 0.08, 269627392, 439730176, 0, 0, 0, 0, 123, 131, 4, 0.89, 194707456, 439730176, 0, 0, 0, 0, 124, 134, 4, 0.76, 3423846400, 4095750144, 0, 0, 0, 0, 138, 320, 4, 0.25, 3536916480, 4095750144, 0, 0, 0, 0, 128, 167, 4, 0.0, 3468820480, 4095750144, 0, 0, 0, 0, 129, 169, 4, 0.47, 3482099712, 4095750144, 0, 0, 0, 0, 127, 169, 4, 0.07, 3555110912, 4095750144, 0, 0, 0, 0, 127, 167, 6, 0.04, 7185743872, 8240128000, 1, 3.935133010216563e-05, 7185743872, 8240128000, 285, 516, 8, 0.2, 15415619584, 16713510912, 1, 0.0, 4278190080, 4294967296, 227, 429
11, 9555.555555555555, 4, 0.02, 3520999424, 4156719104, 1, 0.0011826916332168293, 3520999424, 4156719104, 203, 271, 4, 0.09, 269627392, 439730176, 0, 0, 0, 0, 123, 131, 4, 0.8, 195723264, 439730176, 0, 0, 0, 0, 124, 134, 4, 0.76, 3420127232, 4095750144, 0, 0, 0, 0, 138, 320, 4, 0.28, 3536924672, 4095750144, 0, 0, 0, 0, 128, 168, 4, 0.0, 3468820480, 4095750144, 0, 0, 0, 0, 129, 169, 4, 0.42, 3482873856, 4095750144, 0, 0, 0, 0, 127, 169, 4, 0.08, 3555110912, 4095750144, 0, 0, 0, 0, 127, 167, 6, 0.04, 7185743872, 8240128000, 1, 4.154634721590738e-05, 7185743872, 8240128000, 285, 516, 8, 0.13, 15413948416, 16713510912, 1, 0.0, 4278190080, 4294967296, 225, 422
13, 12166.666666666668, 4, 0.03, 3520937984, 4156719104, 1, 0.001488008001158524, 3520937984, 4156719104, 203, 271, 4, 0.11, 269438976, 439730176, 0, 0, 0, 0, 122, 130, 4, 1.06, 188510208, 439730176, 0, 0, 0, 0, 124, 134, 4, 0.11, 3463606272, 4095750144, 0, 0, 0, 0, 137, 317, 4, 0.15, 3537436672, 4095750144, 0, 0, 0, 0, 127, 167, 4, 0.0, 3468820480, 4095750144, 0, 0, 0, 0, 129, 169, 4, 0.26, 3486494720, 4095750144, 0, 0, 0, 0, 127, 168, 4, 0.1, 3555110912, 4095750144, 0, 0, 0, 0, 127, 167, 6, 0.05, 7185362944, 8240128000, 1, 5.2490405654000266e-05, 7185362944, 8240128000, 285, 516, 8, 0.06, 15413092352, 16713510912, 1, 0.0, 4278190080, 4294967296, 225, 422
14, 13472.222222222223, 4, 0.02, 3520999424, 4156719104, 1, 0.000988320654590796, 3520999424, 4156719104, 203, 271, 4, 0.07, 269385728, 439730176, 0, 0, 0, 0, 123, 131, 4, 1.06, 192700416, 439730176, 0, 0, 0, 0, 124, 134, 4, 0.78, 3433959424, 4095750144, 0, 0, 0, 0, 137, 318, 4, 0.21, 3535896576, 4095750144, 0, 0, 0, 0, 128, 168, 4, 0.0, 3468820480, 4095750144, 0, 0, 0, 0, 129, 169, 4, 0.55, 3480301568, 4095750144, 0, 0, 0, 0, 127, 168, 4, 0.07, 3518054400, 4095750144, 0, 0, 0, 0, 128, 169, 6, 0.03, 7185113088, 8240128000, 1, 3.500949731833735e-05, 7185113088, 8240128000, 285, 516, 8, 0.17, 15147757568, 16713510912, 1, 0.0, 4173332480, 4294967296, 227, 439
15, 14777.777777777777, 4, 0.02, 3520942080, 4156719104, 1, 0.0013238284955292268, 3520942080, 4156719104, 203, 271, 4, 0.1, 269565952, 439730176, 0, 0, 0, 0, 123, 131, 4, 0.58, 197627904, 439730176, 0, 0, 0, 0, 124, 134, 4, 0.8, 3432009728, 4095750144, 0, 0, 0, 0, 137, 318, 4, 0.14, 3537588224, 4095750144, 0, 0, 0, 0, 127, 167, 4, 0.0, 3468820480, 4095750144, 0, 0, 0, 0, 129, 169, 4, 0.32, 3484688384, 4095750144, 0, 0, 0, 0, 127, 168, 4, 0.09, 3555110912, 4095750144, 0, 0, 0, 0, 127, 167, 6, 0.04, 7185743872, 8240128000, 1, 4.669887170805012e-05, 7185743872, 8240128000, 285, 516, 8, 0.06, 15416393728, 16713510912, 1, 0.0, 4278190080, 4294967296, 225, 422
17, 17388.88888888889, 4, 0.03, 3520937984, 4156719104, 1, 0.001577582344230011, 3520937984, 4156719104, 203, 271, 4, 0.12, 269438976, 439730176, 0, 0, 0, 0, 122, 130, 4, 0.41, 242139136, 439730176, 0, 0, 0, 0, 124, 133, 4, 0.11, 3463348224, 4095750144, 0, 0, 0, 0, 137, 317, 4, 0.16, 3537436672, 4095750144, 0, 0, 0, 0, 127, 167, 4, 0.0, 3468820480, 4095750144, 0, 0, 0, 0, 129, 169, 4, 0.55, 3479228416, 4095750144, 0, 0, 0, 0, 127, 168, 4, 0.11, 3555110912, 4095750144, 0, 0, 0, 0, 127, 167, 6, 0.06, 7185362944, 8240128000, 1, 5.541832037552674e-05, 7185362944, 8240128000, 285, 516, 8, 0.07, 15421427712, 16713510912, 1, 0.0, 4278190080, 4294967296, 225, 422
29, 6000.0, 4, 0.02, 3520995328, 4156719104, 1, 0.000932204298000762, 3520995328, 4156719104, 203, 271, 4, 0.07, 269385728, 439730176, 0, 0, 0, 0, 123, 131, 4, 1.06, 219136000, 439730176, 0, 0, 0, 0, 123, 131, 4, 0.8, 3462361088, 4095750144, 0, 0, 0, 0, 136, 316, 4, 0.2, 3535896576, 4095750144, 0, 0, 0, 0, 128, 168, 4, 0.0, 3468820480, 4095750144, 0, 0, 0, 0, 129, 169, 4, 0.55, 3502211072, 4095750144, 0, 0, 0, 0, 126, 166, 4, 0.14, 3517280256, 4095750144, 0, 0, 0, 0, 128, 169, 6, 0.03, 7185113088, 8240128000, 1, 3.302167542427092e-05, 7185113088, 8240128000, 285, 516, 8, 0.17, 15380631552, 16713510912, 1, 0.0, 4278190080, 4294967296, 227, 428
1, 1305.5555555555557, 4, 0.01, 3520995328, 4156719104, 1, 0.0008792742003058674, 3520995328, 4156719104, 203, 271, 4, 0.06, 268574720, 439730176, 0, 0, 0, 0, 124, 133, 4, 1.06, 218628096, 439730176, 0, 0, 0, 0, 122, 131, 4, 0.73, 3462361088, 4095750144, 0, 0, 0, 0, 136, 316, 4, 0.2, 3535896576, 4095750144, 0, 0, 0, 0, 128, 168, 4, 0.0, 3468042240, 4095750144, 0, 0, 0, 0, 130, 170, 4, 0.51, 3516428288, 4095750144, 0, 0, 0, 0, 126, 166, 4, 0.21, 3516506112, 4095750144, 0, 0, 0, 0, 128, 169, 6, 0.02, 7185113088, 8240128000, 1, 3.114672107144907e-05, 7185113088, 8240128000, 285, 516, 8, 0.15, 15437004800, 16713510912, 1, 0.0, 4278190080, 4294967296, 226, 425
16, 16083.333333333334, 4, 0.04, 3520937984, 4156719104, 1, 0.001993146034497017, 3520937984, 4156719104, 203, 271, 4, 0.17, 269438976, 439730176, 0, 0, 0, 0, 122, 130, 4, 1.05, 211517440, 439730176, 0, 0, 0, 0, 122, 131, 4, 0.15, 3462823936, 4095750144, 0, 0, 0, 0, 137, 317, 4, 0.11, 3536920576, 4095750144, 0, 0, 0, 0, 127, 168, 4, 0.0, 3468820480, 4095750144, 0, 0, 0, 0, 129, 169, 4, 0.16, 3516846080, 4095750144, 0, 0, 0, 0, 126, 166, 4, 0.15, 3554852864, 4095750144, 0, 0, 0, 0, 127, 167, 6, 0.07, 7185362944, 8240128000, 1, 6.972477171015202e-05, 7185362944, 8240128000, 285, 516, 8, 0.09, 15415824384, 16713510912, 1, 0.0, 4278190080, 4294967296, 225, 422
11, 9555.555555555555, 4, 0.01, 3520995328, 4156719104, 1, 0.0008328195286758185, 3520995328, 4156719104, 203, 271, 4, 0.06, 267382784, 439730176, 0, 0, 0, 0, 123, 131, 4, 1.05, 218247168, 439730176, 0, 0, 0, 0, 122, 131, 4, 0.68, 3462361088, 4095750144, 0, 0, 0, 0, 136, 316, 4, 0.18, 3535896576, 4095750144, 0, 0, 0, 0, 128, 168, 4, 0.0, 3468042240, 4095750144, 0, 0, 0, 0, 130, 170, 4, 0.47, 3516424192, 4095750144, 0, 0, 0, 0, 126, 166, 4, 0.41, 3496824832, 4095750144, 0, 0, 0, 0, 129, 171, 6, 0.02, 7185113088, 8240128000, 1, 2.937822569685889e-05, 7185113088, 8240128000, 285, 516, 8, 0.14, 15433801728, 16713510912, 1, 0.0, 4278190080, 4294967296, 226, 423
23, 3733.333333333333, 4, 0.09, 3489685504, 4156719104, 1, 0.0, 3489685504, 4156719104, 204, 273, 4, 0.05, 267505664, 439730176, 0, 0, 0, 0, 123, 131, 4, 1.05, 217866240, 439730176, 0, 0, 0, 0, 122, 131, 4, 0.62, 3462361088, 4095750144, 0, 0, 0, 0, 136, 316, 4, 0.17, 3535638528, 4095750144, 0, 0, 0, 0, 128, 168, 4, 0.0, 3468042240, 4095750144, 0, 0, 0, 0, 130, 170, 4, 0.43, 3516424192, 4095750144, 0, 0, 0, 0, 126, 166, 4, 0.41, 3499958272, 4095750144, 0, 0, 0, 0, 129, 171, 6, 0.02, 7185113088, 8240128000, 1, 2.7710144612516888e-05, 7185113088, 8240128000, 285, 516, 8, 0.13, 15430373376, 16713510912, 1, 0.0, 4278190080, 4294967296, 226, 423
28, 5622.222222222223, 4, 0.09, 3511549952, 4156719104, 1, 0.0007409303060439747, 3511549952, 4156719104, 203, 271, 4, 0.05, 238280704, 439730176, 0, 0, 0, 0, 124, 133, 4, 1.13, 247193600, 439730176, 0, 0, 0, 0, 121, 129, 4, 0.57, 3462361088, 4095750144, 0, 0, 0, 0, 136, 316, 4, 0.15, 3535790080, 4095750144, 0, 0, 0, 0, 128, 168, 4, 0.0, 3468042240, 4095750144, 0, 0, 0, 0, 130, 170, 4, 0.47, 3516424192, 4095750144, 0, 0, 0, 0, 126, 166, 4, 0.46, 3511951360, 4095750144, 0, 0, 0, 0, 128, 169, 6, 0.02, 7185113088, 8240128000, 1, 2.6246135241665508e-05, 7185113088, 8240128000, 285, 516, 8, 0.12, 15435161600, 16713510912, 1, 0.0, 4278190080, 4294967296, 226, 423
4, 2447.222222222222, 4, 0.08, 3511549952, 4156719104, 1, 0.0006591796896108954, 3511549952, 4156719104, 203, 271, 4, 0.2, 236539904, 439730176, 0, 0, 0, 0, 123, 131, 4, 0.95, 246939648, 439730176, 0, 0, 0, 0, 121, 129, 4, 0.77, 3425808384, 4095750144, 0, 0, 0, 0, 138, 320, 4, 0.13, 3535896576, 4095750144, 0, 0, 0, 0, 128, 168, 4, 0.0, 3467776000, 4095750144, 0, 0, 0, 0, 130, 171, 4, 0.4, 3516432384, 4095750144, 0, 0, 0, 0, 125, 165, 4, 0.5, 3510071296, 4095750144, 0, 0, 0, 0, 128, 169, 6, 0.02, 7185113088, 8240128000, 1, 2.3350265390628834e-05, 7185113088, 8240128000, 285, 516, 8, 0.11, 15440576512, 16713510912, 1, 0.0, 4278190080, 4294967296, 226, 423
0, 925.0, 4, 0.07, 3511050240, 4156719104, 1, 0.0006217517937682975, 3511050240, 4156719104, 203, 271, 4, 0.19, 236445696, 439730176, 0, 0, 0, 0, 123, 131, 4, 0.95, 246669312, 439730176, 0, 0, 0, 0, 123, 131, 4, 0.79, 3424788480, 4095750144, 0, 0, 0, 0, 138, 320, 4, 0.13, 3535896576, 4095750144, 0, 0, 0, 0, 128, 168, 4, 0.0, 3467517952, 4095750144, 0, 0, 0, 0, 130, 171, 4, 0.4, 3516174336, 4095750144, 0, 0, 0, 0, 125, 165, 4, 0.54, 3509846016, 4095750144, 0, 0, 0, 0, 128, 169, 6, 0.02, 7184986112, 8240128000, 1, 2.2024448902785652e-05, 7184986112, 8240128000, 285, 516, 8, 0.1, 15441448960, 16713510912, 1, 0.0, 4278190080, 4294967296, 226, 423
10, 8250.0, 4, 0.06, 3511050240, 4156719104, 1, 0.0005864490352885198, 3511050240, 4156719104, 203, 271, 4, 0.17, 236445696, 439730176, 0, 0, 0, 0, 123, 131, 4, 0.88, 246669312, 439730176, 0, 0, 0, 0, 124, 132, 4, 0.9, 3409125376, 4095750144, 0, 0, 0, 0, 138, 320, 4, 0.12, 3535896576, 4095750144, 0, 0, 0, 0, 128, 168, 4, 0.0, 3467517952, 4095750144, 0, 0, 0, 0, 130, 171, 4, 0.37, 3516174336, 4095750144, 0, 0, 0, 0, 125, 165, 4, 0.58, 3509071872, 4095750144, 0, 0, 0, 0, 128, 169, 6, 0.01, 7184986112, 8240128000, 1, 2.0773911617556676e-05, 7184986112, 8240128000, 285, 516, 8, 0.09, 15441330176, 16713510912, 1, 0.0, 4278190080, 4294967296, 225, 422
8, 3969.4444444444443, 4, 0.06, 3511050240, 4156719104, 1, 0.0005531507499261062, 3511050240, 4156719104, 203, 271, 4, 0.16, 236445696, 439730176, 0, 0, 0, 0, 123, 131, 4, 0.82, 245280768, 439730176, 0, 0, 0, 0, 125, 134, 4, 0.9, 3417997312, 4095750144, 0, 0, 0, 0, 137, 318, 4, 0.11, 3535896576, 4095750144, 0, 0, 0, 0, 128, 168, 4, 0.0, 3467767808, 4095750144, 0, 0, 0, 0, 131, 172, 4, 0.34, 3516174336, 4095750144, 0, 0, 0, 0, 125, 165, 4, 0.61, 3508297728, 4095750144, 0, 0, 0, 0, 128, 169, 6, 0.01, 7184986112, 8240128000, 1, 1.9594379219153728e-05, 7184986112, 8240128000, 285, 516, 8, 0.08, 15447920640, 16713510912, 1, 0.0, 4278190080, 4294967296, 225, 422
3, 2066.6666666666665, 4, 0.06, 3511050240, 4156719104, 1, 0.0005239261503179365, 3511050240, 4156719104, 203, 271, 4, 0.14, 236453888, 439730176, 0, 0, 0, 0, 122, 130, 4, 0.82, 244502528, 439730176, 0, 0, 0, 0, 124, 132, 4, 0.91, 3420360704, 4095750144, 0, 0, 0, 0, 137, 318, 4, 0.1, 3535638528, 4095750144, 0, 0, 0, 0, 128, 168, 4, 0.0, 3467771904, 4095750144, 0, 0, 0, 0, 131, 171, 4, 0.31, 3516325888, 4095750144, 0, 0, 0, 0, 126, 167, 4, 0.64, 3507527680, 4095750144, 0, 0, 0, 0, 128, 169, 6, 0.01, 7184986112, 8240128000, 1, 1.8481820085319133e-05, 7184986112, 8240128000, 285, 516, 8, 0.16, 15442149376, 16713510912, 1, 0.0, 4278190080, 4294967296, 225, 422
19, 20000.0, 4, 0.02, 3520999424, 4156719104, 1, 0.0010521992383491494, 3520999424, 4156719104, 203, 271, 4, 0.07, 269385728, 439730176, 0, 0, 0, 0, 123, 131, 4, 0.98, 193843200, 439730176, 0, 0, 0, 0, 124, 134, 4, 0.76, 3432099840, 4095750144, 0, 0, 0, 0, 137, 318, 4, 0.23, 3535896576, 4095750144, 0, 0, 0, 0, 128, 168, 4, 0.0, 3468820480, 4095750144, 0, 0, 0, 0, 129, 169, 4, 0.51, 3481067520, 4095750144, 0, 0, 0, 0, 127, 169, 4, 0.67, 3505709056, 4095750144, 0, 0, 0, 0, 129, 171, 6, 0.03, 7185743872, 8240128000, 1, 3.711698109605326e-05, 7185743872, 8240128000, 285, 516, 8, 0.18, 15413882880, 16713510912, 1, 0.0, 4278190080, 4294967296, 226, 429
3, 2066.6666666666665, 4, 0.05, 3511054336, 4156719104, 1, 0.0004941778833546624, 3511054336, 4156719104, 203, 271, 4, 0.13, 236462080, 439730176, 0, 0, 0, 0, 123, 131, 4, 0.76, 244568064, 439730176, 0, 0, 0, 0, 124, 132, 4, 0.91, 3419844608, 4095750144, 0, 0, 0, 0, 137, 318, 4, 0.09, 3535638528, 4095750144, 0, 0, 0, 0, 128, 168, 4, 0.0, 3467771904, 4095750144, 0, 0, 0, 0, 131, 171, 4, 0.29, 3517071360, 4095750144, 0, 0, 0, 0, 125, 165, 4, 0.67, 3516776448, 4095750144, 0, 0, 0, 0, 129, 170, 6, 0.01, 7184986112, 8240128000, 1, 1.7505370551271087e-05, 7184986112, 8240128000, 285, 516, 8, 0.16, 15454253056, 16713510912, 1, 0.0, 4278190080, 4294967296, 225, 422
29, 6000.0, 4, 0.05, 3443421184, 4156719104, 1, 0.0, 3443421184, 4156719104, 204, 273, 4, 0.13, 236462080, 439730176, 0, 0, 0, 0, 123, 131, 4, 0.7, 244568064, 439730176, 0, 0, 0, 0, 124, 132, 4, 0.91, 3419070464, 4095750144, 0, 0, 0, 0, 137, 318, 4, 0.08, 3535622144, 4095750144, 0, 0, 0, 0, 127, 167, 4, 0.0, 3467771904, 4095750144, 0, 0, 0, 0, 131, 171, 4, 0.26, 3517210624, 4095750144, 0, 0, 0, 0, 125, 165, 4, 0.67, 3553210368, 4095750144, 0, 0, 0, 0, 128, 168, 6, 0.01, 7184986112, 8240128000, 1, 1.6511424293512747e-05, 7184986112, 8240128000, 285, 516, 8, 0.23, 15448662016, 16713510912, 1, 0.0, 4278190080, 4294967296, 225, 422
10, 8250.0, 4, 0.2, 3347509248, 4156719104, 1, 0.0, 3347509248, 4156719104, 204, 275, 4, 0.12, 236466176, 439730176, 0, 0, 0, 0, 123, 131, 4, 0.7, 244568064, 439730176, 0, 0, 0, 0, 124, 132, 4, 0.92, 3418296320, 4095750144, 0, 0, 0, 0, 137, 318, 4, 0.08, 3535646720, 4095750144, 0, 0, 0, 0, 127, 167, 4, 0.0, 3467771904, 4095750144, 0, 0, 0, 0, 131, 169, 4, 0.26, 3517210624, 4095750144, 0, 0, 0, 0, 125, 165, 4, 0.62, 3552952320, 4095750144, 0, 0, 0, 0, 128, 168, 6, 0.01, 7184859136, 8240128000, 1, 1.5573913811302156e-05, 7184859136, 8240128000, 285, 516, 8, 0.21, 15441793024, 16713510912, 1, 0.0, 4278190080, 4294967296, 225, 422
10, 8250.0, 4, 0.2, 3382734848, 4156719104, 1, 0.0004146894558233199, 3382734848, 4156719104, 204, 275, 4, 0.11, 236466176, 439730176, 0, 0, 0, 0, 123, 131, 4, 0.64, 244568064, 439730176, 0, 0, 0, 0, 124, 132, 4, 0.93, 3417780224, 4095750144, 0, 0, 0, 0, 137, 318, 4, 0.08, 3535646720, 4095750144, 0, 0, 0, 0, 127, 167, 4, 0.0, 3467788288, 4095750144, 0, 0, 0, 0, 129, 169, 4, 0.3, 3503652864, 4095750144, 0, 0, 0, 0, 126, 167, 4, 0.57, 3552952320, 4095750144, 0, 0, 0, 0, 128, 168, 6, 0.01, 7184859136, 8240128000, 1, 1.468963470929418e-05, 7184859136, 8240128000, 285, 516, 8, 0.19, 15440703488, 16713510912, 1, 0.0, 4278190080, 4294967296, 226, 422
27, 5244.444444444444, 4, 0.2, 3534053376, 4156719104, 1, 0.0003911435941953003, 3534053376, 4156719104, 203, 272, 4, 0.1, 236466176, 439730176, 0, 0, 0, 0, 123, 131, 4, 0.59, 244568064, 439730176, 0, 0, 0, 0, 124, 132, 4, 0.93, 3361177600, 4095750144, 0, 0, 0, 0, 138, 320, 4, 0.07, 3535646720, 4095750144, 0, 0, 0, 0, 127, 167, 4, 0.0, 3468562432, 4095750144, 0, 0, 0, 0, 129, 169, 4, 0.3, 3516207104, 4095750144, 0, 0, 0, 0, 126, 166, 4, 0.52, 3552952320, 4095750144, 0, 0, 0, 0, 128, 168, 6, 0.01, 7184859136, 8240128000, 1, 1.3913537609494996e-05, 7184859136, 8240128000, 285, 516, 8, 0.17, 15434641408, 16713510912, 1, 0.0, 4278190080, 4294967296, 225, 422
